manufacturer,haikiryo,year_range,model_name,bike_name,engine_model,frame_no,battery,spark_plug,spark_plug_qty,length,width,height,weight,特徴他,engine_oil_change,プライマリーオイル,トランスミッションオイル,フィルターセット黒,フィルターセット銀,ハーレー純正エンジンオイルフィルター黒,ハーレー純正エンジンオイルフィルター銀,社外品エンジンオイルフィルター黒,社外品エンジンオイルフィルター銀,サンダンスオリジナルエンジンオイルフィルター黒,エンジンドレンボルトガスケット,プライマリードレンガスケット,ダービーカバーガスケット,トランスミッションドレンガスケット,front_tire,rear_tire,front_brake,rear_brake,画像ファイル
Harley-Davidson,883cc,2000,CJ,Sportster XL883(スポーツスター XL883),M-Evo,,65958-04,6R12,2,"2,245",775,"1,120",240,XL883C　スポーツスター883カスタム,約3L,約1L,,OS-501K,OS-501C,HD63805-80A,HD63796-77A,HF170B,HF170C,SUN-SOF002,,11105,25463-94,,MH 90 - 21 54H WT,130 90 B 16 73H TL,シングルディスク,ディスク,02177_1.jpg
Harley-Davidson,883cc,2001,CJ,Sportster XL883(スポーツスター XL883),M-Evo,,65958-04,6R12,2,"2,245",775,"1,120",240,XL883C　スポーツスター883カスタム,約3L,約1L,,OS-501K,OS-501C,HD63805-80A,HD63796-77A,HF170B,HF170C,SUN-SOF002,,11105,25463-94,,MH 90 - 21 54H WT,130 90 B 16 73H TL,シングルディスク,ディスク,02177_1.jpg
Harley-Davidson,883cc,2002,CJ,Sportster XL883(スポーツスター XL883),M-Evo,,65958-04,6R12,2,"2,245",775,"1,120",240,XL883C　スポーツスター883カスタム,約3L,約1L,,OS-501K,OS-501C,HD63805-80A,HD63796-77A,HF170B,HF170C,SUN-SOF002,,11105,25463-94,,MH 90 - 21 54H WT,130 90 B 16 73H TL,シングルディスク,ディスク,02177_1.jpg
Harley-Davidson,883cc,2003,CJ,Sportster XL883(スポーツスター XL883),M-Evo,,65958-04,6R12,2,"2,245",775,"1,120",240,XL883C　スポーツスター883カスタム,約3L,約1L,,OS-501K,OS-501C,HD63805-80A,HD63796-77A,HF170B,HF170C,SUN-SOF002,,11105,25463-94,,MH 90 - 21 54H WT,130 90 B 16 73H TL,シングルディスク,ディスク,02177_1.jpg
Harley-Davidson,883cc,2002,CK,Sportster XL883(スポーツスター XL883),M-Evo,,YTX20L-BS,6R12,2,"2,235",925,"1,154",237,XL883R　スポーツスター883R,約3L,約1L,,OS-501K,OS-501C,HD63805-80A,HD63796-77A,HF170B,HF170C,SUN-SOF002,,11105,25463-94,,100 90 - 19 57H TL,130 90 B 16 73H TL,Wディスク,ディスク,02185_1.jpg
Harley-Davidson,883cc,2003,CK,Sportster XL883(スポーツスター XL883),M-Evo,,YTX20L-BS,6R12,2,"2,235",925,"1,154",237,XL883R　スポーツスター883R,約3L,約1L,,OS-501K,OS-501C,HD63805-80A,HD63796-77A,HF170B,HF170C,SUN-SOF002,,11105,25463-94,,100 90 - 19 57H TL,130 90 B 16 73H TL,Wディスク,ディスク,02185_1.jpg
Harley-Davidson,883cc,2004,CA,Sportster XL883(スポーツスター XL883),M-Evo,,65958-04,6R12,2,"2,260",830,"1,140",260,XL883　スポーツスター883,約3L,約1L,,OS-501K,OS-501C,HD63805-80A,HD63796-77A,HF170B,HF170C,SUN-SOF002,,11105,25463-94,,100 90 - 19 57H TL,150 80 B 16 71H TL,シングルディスク,ディスク,02178_1.jpg
Harley-Davidson,883cc,2005,CA,Sportster XL883(スポーツスター XL883),M-Evo,,65958-04,6R12,2,"2,260",830,"1,140",260,XL883　スポーツスター883,約3L,約1L,,OS-501K,OS-501C,HD63805-80A,HD63796-77A,HF170B,HF170C,SUN-SOF002,,11105,25463-94,,100 90 - 19 57H TL,150 80 B 16 71H TL,シングルディスク,ディスク,02178_1.jpg
Harley-Davidson,883cc,2006,CA,Sportster XL883(スポーツスター XL883),M-Evo,,65958-04,6R12,2,"2,260",830,"1,140",260,XL883　スポーツスター883,約3L,約1L,,OS-501K,OS-501C,HD63805-80A,HD63796-77A,HF170B,HF170C,SUN-SOF002,,11105,25463-94,,100 90 - 19 57H TL,150 80 B 16 71H TL,シングルディスク,ディスク,02178_1.jpg
Harley-Davidson,883cc,2004,CJ,Sportster XL883(スポーツスター XL883),M-Evo,,65958-04,6R12,2,"2,275",825,"1,165",270,XL883C　スポーツスター883カスタム　Rタイヤサイズ変更,約3L,約1L,,OS-501K,OS-501C,HD63805-80A,HD63796-77A,HF170B,HF170C,SUN-SOF002,,11105,25463-94,,MH 90 - 21 54H WT,150 80 B 16 71H TL,シングルディスク,ディスク,02369_1.jpg
Harley-Davidson,883cc,2005,CJ,Sportster XL883(スポーツスター XL883),M-Evo,,65958-04,6R12,2,"2,275",825,"1,165",270,XL883C　スポーツスター883カスタム　Rタイヤサイズ変更,約3L,約1L,,OS-501K,OS-501C,HD63805-80A,HD63796-77A,HF170B,HF170C,SUN-SOF002,,11105,25463-94,,MH 90 - 21 54H WT,150 80 B 16 71H TL,シングルディスク,ディスク,02369_1.jpg
Harley-Davidson,883cc,2006,CJ,Sportster XL883(スポーツスター XL883),M-Evo,,65958-04,6R12,2,"2,275",825,"1,165",270,XL883C　スポーツスター883カスタム　Rタイヤサイズ変更,約3L,約1L,,OS-501K,OS-501C,HD63805-80A,HD63796-77A,HF170B,HF170C,SUN-SOF002,,11105,25463-94,,MH 90 - 21 54H WT,150 80 B 16 71H TL,シングルディスク,ディスク,02369_1.jpg
Harley-Davidson,883cc,2005,CM,Sportster XL883(スポーツスター XL883),M-Evo,,65958-04,6R12,2,"2,250",890,"1,165",260,XL883L　スポーツスター883ロー,約3L,約1L,,OS-501K,OS-501C,HD63805-80A,HD63796-77A,HF170B,HF170C,SUN-SOF002,,11105,25463-94,,100 90 - 19 57H TL,150 80 B 16 71H TL,シングルディスク,ディスク,02176_1.jpg
Harley-Davidson,883cc,2006,CM,Sportster XL883(スポーツスター XL883),M-Evo,,65958-04,6R12,2,"2,250",890,"1,165",260,XL883L　スポーツスター883ロー,約3L,約1L,,OS-501K,OS-501C,HD63805-80A,HD63796-77A,HF170B,HF170C,SUN-SOF002,,11105,25463-94,,100 90 - 19 57H TL,150 80 B 16 71H TL,シングルディスク,ディスク,02176_1.jpg
Harley-Davidson,883cc,2006,CK,Sportster XL883(スポーツスター XL883),M-Evo,,65958-04,6R12,2,"2,260",930,"1,140",260,XL883R　スポーツスター883R　Rタイヤサイズ変更,約3L,約1L,,OS-501K,OS-501C,HD63805-80A,HD63796-77A,HF170B,HF170C,SUN-SOF002,,11105,25463-94,,100 90 - 19 57H TL,150 80 B 16 71H TL,Wディスク,ディスク,02368_1.jpg
Harley-Davidson,883cc,2007,CN,Sportster XL883(スポーツスター XL883),2-Evo-EFI,,YTX14L-BS,6R12,2,"2,260",830,"1,140",260,XL883　スポーツスター883　EFI,約3L,約1L,,OS-501K,OS-501C,HD63805-80A,HD63796-77A,HF170B,HF170C,SUN-SOF002,,11105,25463-94,,100 90 - 19 57H TL,150 80 B 16 71H TL,シングルディスク,ディスク,02463_1.jpg
Harley-Davidson,883cc,2008,CN,Sportster XL883(スポーツスター XL883),2-Evo-EFI,,YTX14L-BS,6R12,2,"2,260",830,"1,140",260,XL883　スポーツスター883　EFI,約3L,約1L,,OS-501K,OS-501C,HD63805-80A,HD63796-77A,HF170B,HF170C,SUN-SOF002,,11105,25463-94,,100 90 - 19 57H TL,150 80 B 16 71H TL,シングルディスク,ディスク,02463_1.jpg
Harley-Davidson,883cc,2009,CN,Sportster XL883(スポーツスター XL883),2-Evo-EFI,,YTX14L-BS,6R12,2,"2,260",830,"1,140",260,XL883　スポーツスター883　EFI,約3L,約1L,,OS-501K,OS-501C,HD63805-80A,HD63796-77A,HF170B,HF170C,SUN-SOF002,,11105,25463-94,,100 90 - 19 57H TL,150 80 B 16 71H TL,シングルディスク,ディスク,02463_1.jpg
Harley-Davidson,883cc,2007,CP,Sportster XL883(スポーツスター XL883),2-Evo-EFI,,YTX14L-BS,6R12,2,"2,275",825,"1,165",270,XL883C　スポーツスター883カスタム　EFI,約3L,約1L,,OS-501K,OS-501C,HD63805-80A,HD63796-77A,HF170B,HF170C,SUN-SOF002,,11105,25463-94,,MH 90 - 21 54H WT,150 80 B 16 71H TL,シングルディスク,ディスク,02466_1.jpg
Harley-Davidson,883cc,2008,CP,Sportster XL883(スポーツスター XL883),2-Evo-EFI,,YTX14L-BS,6R12,2,"2,275",825,"1,165",270,XL883C　スポーツスター883カスタム　EFI,約3L,約1L,,OS-501K,OS-501C,HD63805-80A,HD63796-77A,HF170B,HF170C,SUN-SOF002,,11105,25463-94,,MH 90 - 21 54H WT,150 80 B 16 71H TL,シングルディスク,ディスク,02466_1.jpg
Harley-Davidson,883cc,2009,CP,Sportster XL883(スポーツスター XL883),2-Evo-EFI,,YTX14L-BS,6R12,2,"2,275",825,"1,165",270,XL883C　スポーツスター883カスタム　EFI,約3L,約1L,,OS-501K,OS-501C,HD63805-80A,HD63796-77A,HF170B,HF170C,SUN-SOF002,,11105,25463-94,,MH 90 - 21 54H WT,150 80 B 16 71H TL,シングルディスク,ディスク,02466_1.jpg
Harley-Davidson,883cc,2010,CP,Sportster XL883(スポーツスター XL883),2-Evo-EFI,,YTX14L-BS,6R12,2,"2,275",825,"1,165",270,XL883C　スポーツスター883カスタム　EFI,約3L,約1L,,OS-501K,OS-501C,HD63805-80A,HD63796-77A,HF170B,HF170C,SUN-SOF002,,11105,25463-94,,MH 90 - 21 54H WT,150 80 B 16 71H TL,シングルディスク,ディスク,02466_1.jpg
Harley-Davidson,883cc,2007,CR,Sportster XL883(スポーツスター XL883),2-Evo-EFI,,YTX14L-BS,6R12,2,"2,260",890,"1,140",260,XL883L　スポーツスター883ロー　EFI,約3L,約1L,,OS-501K,OS-501C,HD63805-80A,HD63796-77A,HF170B,HF170C,SUN-SOF002,,11105,25463-94,,100 90 - 19 57H TL,150 80 B 16 71H TL,シングルディスク,ディスク,02465_1.jpg
Harley-Davidson,883cc,2008,CR,Sportster XL883(スポーツスター XL883),2-Evo-EFI,,YTX14L-BS,6R12,2,"2,260",890,"1,140",260,XL883L　スポーツスター883ロー　EFI,約3L,約1L,,OS-501K,OS-501C,HD63805-80A,HD63796-77A,HF170B,HF170C,SUN-SOF002,,11105,25463-94,,100 90 - 19 57H TL,150 80 B 16 71H TL,シングルディスク,ディスク,02465_1.jpg
Harley-Davidson,883cc,2009,CR,Sportster XL883(スポーツスター XL883),2-Evo-EFI,,YTX14L-BS,6R12,2,"2,260",890,"1,140",260,XL883L　スポーツスター883ロー　EFI,約3L,約1L,,OS-501K,OS-501C,HD63805-80A,HD63796-77A,HF170B,HF170C,SUN-SOF002,,11105,25463-94,,100 90 - 19 57H TL,150 80 B 16 71H TL,シングルディスク,ディスク,02465_1.jpg
Harley-Davidson,883cc,2010,CR,Sportster XL883(スポーツスター XL883),2-Evo-EFI,,YTX14L-BS,6R12,2,"2,260",890,"1,140",260,XL883L　スポーツスター883ロー　EFI,約3L,約1L,,OS-501K,OS-501C,HD63805-80A,HD63796-77A,HF170B,HF170C,SUN-SOF002,,11105,25463-94,,100 90 - 19 57H TL,150 80 B 16 71H TL,シングルディスク,ディスク,02465_1.jpg
Harley-Davidson,883cc,2007,CS,Sportster XL883(スポーツスター XL883),2-Evo-EFI,,YTX14L-BS,6R12,2,"2,260",930,"1,140",260,XL883R　スポーツスター883R　EFI,約3L,約1L,,OS-501K,OS-501C,HD63805-80A,HD63796-77A,HF170B,HF170C,SUN-SOF002,,11105,25463-94,,100 90 - 19 57H TL,150 80 B 16 71H TL,Wディスク,ディスク,02464_1.jpg
Harley-Davidson,883cc,2008,CS,Sportster XL883(スポーツスター XL883),2-Evo-EFI,,YTX14L-BS,6R12,2,"2,260",930,"1,140",260,XL883R　スポーツスター883R　EFI,約3L,約1L,,OS-501K,OS-501C,HD63805-80A,HD63796-77A,HF170B,HF170C,SUN-SOF002,,11105,25463-94,,100 90 - 19 57H TL,150 80 B 16 71H TL,Wディスク,ディスク,02464_1.jpg
Harley-Davidson,883cc,2009,CS,Sportster XL883(スポーツスター XL883),2-Evo-EFI,,YTX14L-BS,6R12,2,"2,260",930,"1,140",260,XL883R　スポーツスター883R　EFI,約3L,約1L,,OS-501K,OS-501C,HD63805-80A,HD63796-77A,HF170B,HF170C,SUN-SOF002,,11105,25463-94,,100 90 - 19 57H TL,150 80 B 16 71H TL,Wディスク,ディスク,02464_1.jpg
Harley-Davidson,883cc,2010,CS,Sportster XL883(スポーツスター XL883),2-Evo-EFI,,YTX14L-BS,6R12,2,"2,260",930,"1,140",260,XL883R　スポーツスター883R　EFI,約3L,約1L,,OS-501K,OS-501C,HD63805-80A,HD63796-77A,HF170B,HF170C,SUN-SOF002,,11105,25463-94,,100 90 - 19 57H TL,150 80 B 16 71H TL,Wディスク,ディスク,02464_1.jpg
Harley-Davidson,883cc,2011,CS,Sportster XL883(スポーツスター XL883),2-Evo-EFI,,YTX14L-BS,6R12,2,"2,260",930,"1,140",260,XL883R　スポーツスター883R　EFI,約3L,約1L,,OS-501K,OS-501C,HD63805-80A,HD63796-77A,HF170B,HF170C,SUN-SOF002,,11105,25463-94,,100 90 - 19 57H TL,150 80 B 16 71H TL,Wディスク,ディスク,02464_1.jpg
Harley-Davidson,883cc,2009,LE,Sportster XL883(スポーツスター XL883),2-Evo-EFI,,YTX14L-BS,6R12,2,"2,245",830,"1,080",260,XL883N　スポーツスター883アイアン,約3L,約1L,,OS-501K,OS-501C,HD63805-80A,HD63796-77A,HF170B,HF170C,SUN-SOF002,,11105,25463-94,,100 90 - 19 57H TL,150 80 B 16 71H TL,シングルディスク,ディスク,02701_1.jpg
Harley-Davidson,883cc,2010,LE,Sportster XL883(スポーツスター XL883),2-Evo-EFI,,YTX14L-BS,6R12,2,"2,245",830,"1,080",260,XL883N　スポーツスター883アイアン,約3L,約1L,,OS-501K,OS-501C,HD63805-80A,HD63796-77A,HF170B,HF170C,SUN-SOF002,,11105,25463-94,,100 90 - 19 57H TL,150 80 B 16 71H TL,シングルディスク,ディスク,02701_1.jpg
Harley-Davidson,883cc,2011,LE,Sportster XL883(スポーツスター XL883),2-Evo-EFI,,YTX14L-BS,6R12,2,"2,245",830,"1,080",260,XL883N　スポーツスター883アイアン,約3L,約1L,,OS-501K,OS-501C,HD63805-80A,HD63796-77A,HF170B,HF170C,SUN-SOF002,,11105,25463-94,,100 90 - 19 57H TL,150 80 B 16 71H TL,シングルディスク,ディスク,02701_1.jpg
Harley-Davidson,883cc,2012,LE,Sportster XL883(スポーツスター XL883),2-Evo-EFI,,YTX14L-BS,6R12,2,"2,245",830,"1,080",260,XL883N　スポーツスター883アイアン,約3L,約1L,,OS-501K,OS-501C,HD63805-80A,HD63796-77A,HF170B,HF170C,SUN-SOF002,,11105,25463-94,,100 90 - 19 57H TL,150 80 B 16 71H TL,シングルディスク,ディスク,02701_1.jpg
Harley-Davidson,883cc,2013,LE,Sportster XL883(スポーツスター XL883),2-Evo-EFI,,YTX14L-BS,6R12,2,"2,245",830,"1,080",260,XL883N　スポーツスター883アイアン,約3L,約1L,,OS-501K,OS-501C,HD63805-80A,HD63796-77A,HF170B,HF170C,SUN-SOF002,,11105,25463-94,,100 90 - 19 57H TL,150 80 B 16 71H TL,シングルディスク,ディスク,02701_1.jpg
Harley-Davidson,883cc,2011,CR,Sportster XL883(スポーツスター XL883),2-Evo-EFI,,YTX14L-BS,6R12,2,"2,215",845,"1,115",260,XL883L　スポーツスター883スーパーロー　EFI,約3L,約1L,,OS-501K,OS-501C,HD63805-80A,HD63796-77A,HF170B,HF170C,SUN-SOF002,,11105,25463-94,,120 70 ZR 18 59W TL,150 60 ZR 17 66W TL,シングルディスク,ディスク,03124_1.jpg
Harley-Davidson,883cc,2012,CR,Sportster XL883(スポーツスター XL883),2-Evo-EFI,,YTX14L-BS,6R12,2,"2,215",845,"1,115",260,XL883L　スポーツスター883スーパーロー　EFI,約3L,約1L,,OS-501K,OS-501C,HD63805-80A,HD63796-77A,HF170B,HF170C,SUN-SOF002,,11105,25463-94,,120 70 ZR 18 59W TL,150 60 ZR 17 66W TL,シングルディスク,ディスク,03124_1.jpg
Harley-Davidson,883cc,2013,CR,Sportster XL883(スポーツスター XL883),2-Evo-EFI,,YTX14L-BS,6R12,2,"2,215",845,"1,115",260,XL883L　スポーツスター883スーパーロー　EFI,約3L,約1L,,OS-501K,OS-501C,HD63805-80A,HD63796-77A,HF170B,HF170C,SUN-SOF002,,11105,25463-94,,120 70 ZR 18 59W TL,150 60 ZR 17 66W TL,シングルディスク,ディスク,03124_1.jpg
Harley-Davidson,883cc,2012,CS,Sportster XL883(スポーツスター XL883),2-Evo-EFI,,/,6R12,2,"2,245",935,"1,150",266,XL883R　スポーツスター883R　EFI,約3L,約1L,,OS-501K,OS-501C,HD63805-80A,HD63796-77A,HF170B,HF170C,SUN-SOF002,,11105,25463-94,,100 90 B 19 57H TL,150 80 B 16 77H TL,Wディスク,ディスク,03560_1.jpg
Harley-Davidson,883cc,2013,CS,Sportster XL883(スポーツスター XL883),2-Evo-EFI,,/,6R12,2,"2,245",935,"1,150",266,XL883R　スポーツスター883R　EFI,約3L,約1L,,OS-501K,OS-501C,HD63805-80A,HD63796-77A,HF170B,HF170C,SUN-SOF002,,11105,25463-94,,100 90 B 19 57H TL,150 80 B 16 77H TL,Wディスク,ディスク,03560_1.jpg
Harley-Davidson,883cc,2014,CR,Sportster XL883(スポーツスター XL883),2-Evo-EFI,,YTX14L-BS,6R12,2,"2,215",855,"1,130",256,XL883L　スポーツスター883スーパーロー　EFI,約3L,約1L,,OS-501K,OS-501C,HD63805-80A,HD63796-77A,HF170B,HF170C,SUN-SOF002,,11105,25463-94,,120 70 ZR 18 59W TL,150 60 ZR 17 66W TL,シングルディスク,ディスク,03679_1.jpg
Harley-Davidson,883cc,2015,CR,Sportster XL883(スポーツスター XL883),2-Evo-EFI,,YTX14L-BS,6R12,2,"2,215",855,"1,130",256,XL883L　スポーツスター883スーパーロー　EFI,約3L,約1L,,OS-501K,OS-501C,HD63805-80A,HD63796-77A,HF170B,HF170C,SUN-SOF002,,11105,25463-94,,120 70 ZR 18 59W TL,150 60 ZR 17 66W TL,シングルディスク,ディスク,03679_1.jpg
Harley-Davidson,883cc,2014,CS,Sportster XL883(スポーツスター XL883),2-Evo-EFI,,/,6R12,2,"2,245",935,"1,150",264,XL883R　スポーツスター883R　EFI,約3L,約1L,,OS-501K,OS-501C,HD63805-80A,HD63796-77A,HF170B,HF170C,SUN-SOF002,,11105,25463-94,,100 90 B 19 57H TL,150 80 B 16 77H TL,Wディスク,ディスク,03680_1.jpg
Harley-Davidson,883cc,2015,CS,Sportster XL883(スポーツスター XL883),2-Evo-EFI,,/,6R12,2,"2,245",935,"1,150",264,XL883R　スポーツスター883R　EFI,約3L,約1L,,OS-501K,OS-501C,HD63805-80A,HD63796-77A,HF170B,HF170C,SUN-SOF002,,11105,25463-94,,100 90 B 19 57H TL,150 80 B 16 77H TL,Wディスク,ディスク,03680_1.jpg
Harley-Davidson,883cc,2014,LE,Sportster XL883(スポーツスター XL883),2-Evo-EFI,,/,6R12,2,"2,205",855,"1,105",257,XL883N　スポーツスター883アイアン,約3L,約1L,,OS-501K,OS-501C,HD63805-80A,HD63796-77A,HF170B,HF170C,SUN-SOF002,,11105,25463-94,,100 90 B 19 57H TL,150 80 B 16 77H TL,シングルディスク,ディスク,03561_1.jpg
Harley-Davidson,883cc,2015,LE,Sportster XL883(スポーツスター XL883),2-Evo-EFI,,/,6R12,2,"2,205",855,"1,105",257,XL883N　スポーツスター883アイアン,約3L,約1L,,OS-501K,OS-501C,HD63805-80A,HD63796-77A,HF170B,HF170C,SUN-SOF002,,11105,25463-94,,100 90 B 19 57H TL,150 80 B 16 77H TL,シングルディスク,ディスク,03561_1.jpg
Harley-Davidson,883cc,2016,CR,Sportster XL883(スポーツスター XL883),2-Evo-EFI,,/,6R12,2,"2,215",855,"1,130",256,XL883L　スポーツスター883スーパーロー　EFI　ABS,約3L,約1L,,OS-501K,OS-501C,HD63805-80A,HD63796-77A,HF170B,HF170C,SUN-SOF002,,11105,25463-94,,120 70 ZR 18 59W TL,150 60 ZR 17 66W TL,シングルディスク,ディスク,04237_1.jpg
Harley-Davidson,883cc,2017,CR,Sportster XL883(スポーツスター XL883),2-Evo-EFI,,/,6R12,2,"2,215",855,"1,130",256,XL883L　スポーツスター883スーパーロー　EFI　ABS,約3L,約1L,,OS-501K,OS-501C,HD63805-80A,HD63796-77A,HF170B,HF170C,SUN-SOF002,,11105,25463-94,,120 70 ZR 18 59W TL,150 60 ZR 17 66W TL,シングルディスク,ディスク,04237_1.jpg
Harley-Davidson,883cc,2018,CR,Sportster XL883(スポーツスター XL883),2-Evo-EFI,,/,6R12,2,"2,215",855,"1,130",256,XL883L　スポーツスター883スーパーロー　EFI　ABS,約3L,約1L,,OS-501K,OS-501C,HD63805-80A,HD63796-77A,HF170B,HF170C,SUN-SOF002,,11105,25463-94,,120 70 ZR 18 59W TL,150 60 ZR 17 66W TL,シングルディスク,ディスク,04237_1.jpg
Harley-Davidson,883cc,2019,CR,Sportster XL883(スポーツスター XL883),2-Evo-EFI,,/,6R12,2,"2,215",855,"1,130",256,XL883L　スポーツスター883スーパーロー　EFI　ABS,約3L,約1L,,OS-501K,OS-501C,HD63805-80A,HD63796-77A,HF170B,HF170C,SUN-SOF002,,11105,25463-94,,120 70 ZR 18 59W TL,150 60 ZR 17 66W TL,シングルディスク,ディスク,04237_1.jpg
Harley-Davidson,883cc,2020,CR,Sportster XL883(スポーツスター XL883),2-Evo-EFI,,/,6R12,2,"2,215",855,"1,130",256,XL883L　スポーツスター883スーパーロー　EFI　ABS,約3L,約1L,,OS-501K,OS-501C,HD63805-80A,HD63796-77A,HF170B,HF170C,SUN-SOF002,,11105,25463-94,,120 70 ZR 18 59W TL,150 60 ZR 17 66W TL,シングルディスク,ディスク,04237_1.jpg
Harley-Davidson,883cc,2016,LE,Sportster XL883(スポーツスター XL883),2-Evo-EFI,,/,6R12,2,"2,215",850,"1,140",247,XL883N　スポーツスター883アイアン　ABS,約3L,約1L,,OS-501K,OS-501C,HD63805-80A,HD63796-77A,HF170B,HF170C,SUN-SOF002,,11105,25463-94,,100 90 B 19 57H TL,150 80 B 16 77H TL,シングルディスク,ディスク,04236_1.jpg
Harley-Davidson,883cc,2017,LE,Sportster XL883(スポーツスター XL883),2-Evo-EFI,,/,6R12,2,"2,215",850,"1,140",247,XL883N　スポーツスター883アイアン　ABS,約3L,約1L,,OS-501K,OS-501C,HD63805-80A,HD63796-77A,HF170B,HF170C,SUN-SOF002,,11105,25463-94,,100 90 B 19 57H TL,150 80 B 16 77H TL,シングルディスク,ディスク,04236_1.jpg
Harley-Davidson,883cc,2018,LE,Sportster XL883(スポーツスター XL883),2-Evo-EFI,,/,6R12,2,"2,215",850,"1,140",247,XL883N　スポーツスター883アイアン　ABS,約3L,約1L,,OS-501K,OS-501C,HD63805-80A,HD63796-77A,HF170B,HF170C,SUN-SOF002,,11105,25463-94,,100 90 B 19 57H TL,150 80 B 16 77H TL,シングルディスク,ディスク,04236_1.jpg
Harley-Davidson,883cc,2019,LE,Sportster XL883(スポーツスター XL883),2-Evo-EFI,,/,6R12,2,"2,215",850,"1,140",247,XL883N　スポーツスター883アイアン　ABS,約3L,約1L,,OS-501K,OS-501C,HD63805-80A,HD63796-77A,HF170B,HF170C,SUN-SOF002,,11105,25463-94,,100 90 B 19 57H TL,150 80 B 16 77H TL,シングルディスク,ディスク,04236_1.jpg
Harley-Davidson,883cc,2020,LE,Sportster XL883(スポーツスター XL883),2-Evo-EFI,,/,6R12,2,"2,215",850,"1,140",247,XL883N　スポーツスター883アイアン　ABS,約3L,約1L,,OS-501K,OS-501C,HD63805-80A,HD63796-77A,HF170B,HF170C,SUN-SOF002,,11105,25463-94,,100 90 B 19 57H TL,150 80 B 16 77H TL,シングルディスク,ディスク,04236_1.jpg
Harley-Davidson,883cc,2021,LE,Sportster XL883(スポーツスター XL883),2-Evo-EFI,,/,6R12,2,"2,215",850,"1,140",247,XL883N　スポーツスター883アイアン　ABS,約3L,約1L,,OS-501K,OS-501C,HD63805-80A,HD63796-77A,HF170B,HF170C,SUN-SOF002,,11105,25463-94,,100 90 B 19 57H TL,150 80 B 16 77H TL,シングルディスク,ディスク,04236_1.jpg
Harley-Davidson,1340cc,1993,GD,Dyna FXDL(FXDL ダイナ ローライダー),L-Evo,,65989-90B,5R6A,2,"2,390",725,"1,210",275,[1340cc]　FXDL　ダイナ・ローライダー,約3L,約1L,約1L,OS-511K,OS-511C,HD63731-99A,HD63798-99A,HF171B,HF171C,SUN-SOF002,11105,,25416-70,11105,100 90 - 19 57H TL,130 90 - 16 73H TL,Wディスク,ディスク,02128_1.jpg
Harley-Davidson,1340cc,1994,GD,Dyna FXDL(FXDL ダイナ ローライダー),L-Evo,,65989-90B,5R6A,2,"2,390",725,"1,210",275,[1340cc]　FXDL　ダイナ・ローライダー,約3L,約1L,約1L,OS-511K,OS-511C,HD63731-99A,HD63798-99A,HF171B,HF171C,SUN-SOF002,11105,,25416-70,11105,100 90 - 19 57H TL,130 90 - 16 73H TL,Wディスク,ディスク,02128_1.jpg
Harley-Davidson,1340cc,1995,GD,Dyna FXDL(FXDL ダイナ ローライダー),L-Evo,,65989-90B,5R6A,2,"2,390",725,"1,210",275,[1340cc]　FXDL　ダイナ・ローライダー,約3L,約1L,約1L,OS-511K,OS-511C,HD63731-99A,HD63798-99A,HF171B,HF171C,SUN-SOF002,11105,,25416-70,11105,100 90 - 19 57H TL,130 90 - 16 73H TL,Wディスク,ディスク,02128_1.jpg
Harley-Davidson,1340cc,1996,GD,Dyna FXDL(FXDL ダイナ ローライダー),L-Evo,,65989-90B,5R6A,2,"2,390",725,"1,210",275,[1340cc]　FXDL　ダイナ・ローライダー,約3L,約1L,約1L,OS-511K,OS-511C,HD63731-99A,HD63798-99A,HF171B,HF171C,SUN-SOF002,11105,,25416-70,11105,100 90 - 19 57H TL,130 90 - 16 73H TL,Wディスク,ディスク,02128_1.jpg
Harley-Davidson,1340cc,1997,GD,Dyna FXDL(FXDL ダイナ ローライダー),L-Evo,,65989-90B,5R6A,2,"2,390",725,"1,210",275,[1340cc]　FXDL　ダイナ・ローライダー,約3L,約1L,約1L,OS-511K,OS-511C,HD63731-99A,HD63798-99A,HF171B,HF171C,SUN-SOF002,11105,,25416-70,11105,100 90 - 19 57H TL,130 90 - 16 73H TL,Wディスク,ディスク,02128_1.jpg
Harley-Davidson,1340cc,1998,GD,Dyna FXDL(FXDL ダイナ ローライダー),L-Evo,,65989-90B,5R6A,2,"2,390",725,"1,210",275,[1340cc]　FXDL　ダイナ・ローライダー,約3L,約1L,約1L,OS-511K,OS-511C,HD63731-99A,HD63798-99A,HF171B,HF171C,SUN-SOF002,11105,,25416-70,11105,100 90 - 19 57H TL,130 90 - 16 73H TL,Wディスク,ディスク,02128_1.jpg
Harley-Davidson,1449cc,1999,GD,Dyna FXDL(FXDL ダイナ ローライダー),V-TC88,,65989-97A,6R12,2,"2,330",900,"1,155",300,[1450cc]　FXDL　ダイナ・ローライダー,約3L,約1L,約1L,OS-511K,OS-511C,HD63731-99A,HD63798-99A,HF171B,HF171C,SUN-SOF002,11105,,25416-99,11105,100 90 - 19 57H WT,130 90 B 16 73H WT,Wディスク,ディスク,02116_1.jpg
Harley-Davidson,1449cc,2000,GD,Dyna FXDL(FXDL ダイナ ローライダー),V-TC88,,65989-97A,6R12,2,"2,330",900,"1,155",300,[1450cc]　FXDL　ダイナ・ローライダー,約3L,約1L,約1L,OS-511K,OS-511C,HD63731-99A,HD63798-99A,HF171B,HF171C,SUN-SOF002,11105,,25416-99,11105,100 90 - 19 57H WT,130 90 B 16 73H WT,Wディスク,ディスク,02116_1.jpg
Harley-Davidson,1449cc,2001,GD,Dyna FXDL(FXDL ダイナ ローライダー),V-TC88,,65989-97A,6R12,2,"2,330",900,"1,155",300,[1450cc]　FXDL　ダイナ・ローライダー,約3L,約1L,約1L,OS-511K,OS-511C,HD63731-99A,HD63798-99A,HF171B,HF171C,SUN-SOF002,11105,,25416-99,11105,100 90 - 19 57H WT,130 90 B 16 73H WT,Wディスク,ディスク,02116_1.jpg
Harley-Davidson,1449cc,2002,GD,Dyna FXDL(FXDL ダイナ ローライダー),V-TC88,,65989-97A,6R12,2,"2,330",900,"1,155",300,[1450cc]　FXDL　ダイナ・ローライダー,約3L,約1L,約1L,OS-511K,OS-511C,HD63731-99A,HD63798-99A,HF171B,HF171C,SUN-SOF002,11105,,25416-99,11105,100 90 - 19 57H TL,150 80 B 16 71H TL,シングルディスク,ディスク,02392_1.jpg
Harley-Davidson,1449cc,2003,GD,Dyna FXDL(FXDL ダイナ ローライダー),V-TC88,,65989-97A,6R12,2,"2,330",900,"1,155",300,[1450cc]　FXDL　ダイナ・ローライダー,約3L,約1L,約1L,OS-511K,OS-511C,HD63731-99A,HD63798-99A,HF171B,HF171C,SUN-SOF002,11105,,25416-99,11105,100 90 - 19 57H TL,150 80 B 16 71H TL,シングルディスク,ディスク,02392_1.jpg
Harley-Davidson,1449cc,2004,GD,Dyna FXDL(FXDL ダイナ ローライダー),V-TC88,,65989-97A,6R12,2,"2,330",900,"1,155",300,[1450cc]　FXDL　ダイナ・ローライダー,約3L,約1L,約1L,OS-511K,OS-511C,HD63731-99A,HD63798-99A,HF171B,HF171C,SUN-SOF002,11105,11324,25416-99,11105,100 90 - 19 57H TL,150 80 B 16 71H TL,シングルディスク,ディスク,02392_1.jpg
Harley-Davidson,1449cc,2004,GN,Dyna FXDL(FXDL ダイナ ローライダー),W-TC88-EFI,,65989-97A,6R12,2,"2,330",900,"1,150",300,[1450cc]　FXDLI　ダイナ・ローライダー・インジェクション,約3L,約1L,約1L,OS-511K,OS-511C,HD63731-99A,HD63798-99A,HF171B,HF171C,SUN-SOF002,11105,11324,25416-99,11105,100 90 - 19 57H TL,150 80 B 16 71H TL,シングルディスク,ディスク,02117_1.jpg
Harley-Davidson,1449cc,2005,GD,Dyna FXDL(FXDL ダイナ ローライダー),V-TC88,,65989-97A,6R12,2,"2,330",900,"1,155",300,[1450cc]　FXDL　ダイナ・ローライダー,約3L,約1L,約1L,OS-511K,OS-511C,HD63731-99A,HD63798-99A,HF171B,HF171C,SUN-SOF002,11105,11324,25416-99,11105,100 90 - 19 57H TL,150 80 B 16 71H TL,シングルディスク,ディスク,02392_1.jpg
Harley-Davidson,1449cc,2005,GN,Dyna FXDL(FXDL ダイナ ローライダー),W-TC88-EFI,,65989-97A,6R12,2,"2,330",900,"1,150",300,[1450cc]　FXDLI　ダイナ・ローライダー・インジェクション,約3L,約1L,約1L,OS-511K,OS-511C,HD63731-99A,HD63798-99A,HF171B,HF171C,SUN-SOF002,11105,11324,25416-99,11105,100 90 - 19 57H TL,150 80 B 16 71H TL,シングルディスク,ディスク,02117_1.jpg
Harley-Davidson,1449cc,2006,GN,Dyna FXDL(FXDL ダイナ ローライダー),W-TC88-EFI,,65989-97A,6R12,2,"2,365",920,"1,195",305,[1450cc]　FXDLI　ダイナ・ローライダー・インジェクション,約3L,約1L,約1L,OS-521K,OS-521C,HD63731-99A,HD63798-99A,HF171B,HF171C,SUN-SOF002,11105,11105,17369-06,11105,100 90 - 19 57H TL,160 70 B 17 73V TL,シングルディスク,ディスク,02363_1.jpg
Harley-Davidson,1584cc,2007,GN,Dyna FXDL(FXDL ダイナ ローライダー),4-TC96-EFI,,YTX20L-BS(65989-97A/B/C),6R12,2,"2,350",920,"1,195",305,[1584cc]　FXDL　ダイナ・ローライダー,約3L,約1L,約1L,OS-521K,OS-521C,HD63731-99A,HD63798-99A,HF171B,HF171C,SUN-SOF002,11105,11105,17369-06,11105,100 90 - 19 57H TL,160 70 B 17 73V TL,シングルディスク,ディスク,02450_1.jpg
Harley-Davidson,1584cc,2008,GN,Dyna FXDL(FXDL ダイナ ローライダー),4-TC96-EFI,,YTX20L-BS(65989-97A/B/C),6R12,2,"2,350",920,"1,195",305,[1584cc]　FXDL　ダイナ・ローライダー,約3L,約1L,約1L,OS-521K,OS-521C,HD63731-99A,HD63798-99A,HF171B,HF171C,SUN-SOF002,11105,11105,17369-06,11105,100 90 - 19 57H TL,160 70 B 17 73V TL,シングルディスク,ディスク,02450_1.jpg
Harley-Davidson,1584cc,2009,GN,Dyna FXDL(FXDL ダイナ ローライダー),4-TC96-EFI,,YTX20L-BS(65989-97A/B/C),6R12,2,"2,350",920,"1,195",305,[1584cc]　FXDL　ダイナ・ローライダー,約3L,約1L,約1L,OS-521K,OS-521C,HD63731-99A,HD63798-99A,HF171B,HF171C,SUN-SOF002,11105,11105,17369-06,11105,100 90 - 19 57H TL,160 70 B 17 73V TL,シングルディスク,ディスク,02450_1.jpg
Harley-Davidson,1584cc,2010,GN,Dyna FXDL(FXDL ダイナ ローライダー),4-TC96-EFI,,YTX20L-BS(65989-97A/B/C),6R12,2,"2,350",920,"1,195",305,[1584cc]　FXDL　ダイナ・ローライダー,約3L,約1L,約1L,OS-521K,OS-521C,HD63731-99A,HD63798-99A,HF171B,HF171C,SUN-SOF002,11105,11105,17369-06,11105,100 90 - 19 57H TL,160 70 B 17 73V TL,シングルディスク,ディスク,02450_1.jpg
Harley-Davidson,1584cc,2011,GN,Dyna FXDL(FXDL ダイナ ローライダー),4-TC96-EFI,,YTX20L-BS(65989-97A/B/C),6R12,2,"2,350",920,"1,195",305,[1584cc]　FXDL　ダイナ・ローライダー,約3L,約1L,約1L,OS-521K,OS-521C,HD63731-99A,HD63798-99A,HF171B,HF171C,SUN-SOF002,11105,11105,17369-06,11105,100 90 - 19 57H TL,160 70 B 17 73V TL,シングルディスク,ディスク,02450_1.jpg
Harley-Davidson,1584cc,2012,GN,Dyna FXDL(FXDL ダイナ ローライダー),4-TC96-EFI,,YTX20L-BS(65989-97A/B/C),6R12,2,"2,350",920,"1,195",305,[1584cc]　FXDL　ダイナ・ローライダー,約3L,約1L,約1L,OS-521K,OS-521C,HD63731-99A,HD63798-99A,HF171B,HF171C,SUN-SOF002,11105,11105,17369-06,11105,100 90 - 19 57H TL,160 70 B 17 73V TL,シングルディスク,ディスク,02450_1.jpg
Harley-Davidson,1584cc,2013,GN,Dyna FXDL(FXDL ダイナ ローライダー),4-TC96-EFI,,YTX20L-BS(65989-97C),6R12,2,"2,350",920,"1,195",305,[1584cc]　FXDL　ダイナ・ローライダー　日本限定モデル,約3L,約1L,約1L,OS-521K,OS-521C,HD63731-99A,HD63798-99A,HF171B,HF171C,SUN-SOF002,11105,11105,17369-06,11105,100 90 B 19 57H TL,160 70 B 17 73V TL,シングルディスク,ディスク,03514_1.jpg
Harley-Davidson,1584cc,2015,GN,Dyna FXDL(FXDL ダイナ ローライダー),4-TC96-EFI,,/,6R12,2,"2,345",905,"1,185",302,[1584cc]　FXDL　ダイナ・ローライダー,約3L,約1L,約1L,OS-521K,OS-521C,HD63731-99A,HD63798-99A,HF171B,HF171C,SUN-SOF002,11105,11105,17369-06,11105,100 90 B 19 57H TL,160 70 B 17 73V TL,Wディスク,ディスク,03820_1.jpg
Harley-Davidson,1584cc,2016,GN,Dyna FXDL(FXDL ダイナ ローライダー),4-TC96-EFI,,/,6R12,2,"2,345",905,"1,185",302,[1584cc]　FXDL　ダイナ・ローライダー,約3L,約1L,約1L,OS-521K,OS-521C,HD63731-99A,HD63798-99A,HF171B,HF171C,SUN-SOF002,11105,11105,17369-06,11105,100 90 B 19 57H TL,160 70 B 17 73V TL,Wディスク,ディスク,03820_1.jpg
Harley-Davidson,1689cc,2017,GN,Dyna FXDL(FXDL ダイナ ローライダー),M-TC103-EFI,,/,6R12,2,"2,345",905,"1,185",311,[1689cc]　FXDL　ダイナ・ローライダー,約3L,約1L,約1L,OS-521K,OS-521C,HD63731-99A,HD63798-99A,HF171B,HF171C,SUN-SOF002,11105,11105,17369-06,11105,100 90 B 19 57H TL,160 70 B 17 73V TL,Wディスク,ディスク,04234_1.jpg
Harley-Davidson,1131cc,2006,HD,V-ROD VRSCD(Vロッド VRSCD ナイトロッド),Revo-EFI,,YTX14-BS(65948-00/65989-97A/B),10R12A,2,"2,430",870,"1,105",285,[1131cc]　ナイトロッド,約5L,,,,,HD63793-01K,,,,,,,,,120 70 ZR 19 60W TL,180 55 ZR 18 74W TL,Wディスク,ディスク,02361_1.jpg
Harley-Davidson,1131cc,2007,HD,V-ROD VRSCD(Vロッド VRSCD ナイトロッド),Revo-EFI,,YTX14-BS(65948-00/65989-97A/B),10R12A,2,"2,430",870,"1,105",285,[1131cc]　ナイトロッド,約5L,,,,,HD63793-01K,,,,,,,,,120 70 ZR 19 60W TL,180 55 ZR 18 74W TL,Wディスク,ディスク,02361_1.jpg
Harley-Davidson,1131cc,2008,HD,V-ROD VRSCD(Vロッド VRSCD ナイトロッド),Revo-EFI,,YTX14-BS(65948-00/65989-97A/B),10R12A,2,"2,430",870,"1,105",285,[1131cc]　ナイトロッド,約5L,,,,,HD63793-01K,,,,,,,,,120 70 ZR 19 60W TL,180 55 ZR 18 74W TL,Wディスク,ディスク,02361_1.jpg
Harley-Davidson,1131cc,2007,HD,V-ROD VRSCD(Vロッド VRSCD ナイトロッド),Revo-EFI,,YTX20HL-BS(65989-97A),10R12A,2,"2,460",875,"1,120",302,[1131cc]　ナイトロッド,約5L,,,,,HD63793-01K,,,,,,,,,120 70 ZR 19 60W TL,180 55 ZR 18 74W TL,Wディスク,ディスク,02472_1.jpg
Harley-Davidson,1246cc,2008,HD,V-ROD VRSCD(Vロッド VRSCD ナイトロッド),H-Revo-EFI,,YTX20HL-BS(65989-97B),10R12A,2,"2,460",875,"1,120",307,[1246cc]　ナイトロッド（VRSCDA）,約5L,,,,,HD63793-01K,,,,,,,,,120 70 ZR 19 60W TL,180 55 ZR 18 74W TL,Wディスク,ディスク,02556_1.jpg
Harley-Davidson,1131cc,2007,HH,V-ROD VRSCDX(Vロッド VRSCDX ナイトロッドスペシャル),Revo-EFI,,YTX20HL-BS(65989-97A),10R12A,2,"2,460",875,"1,060",307,[1131cc]　ナイトロッド・スペシャル（VRSCDXA）,約5L,,,,,HD63793-01K,,,,,,,,,120 70 ZR 19 60W TL,240 40 R 18 79V TL,Wディスク,ディスク,02473_1.jpg
Harley-Davidson,1246cc,2008,HH,V-ROD VRSCDX(Vロッド VRSCDX ナイトロッドスペシャル),H-Revo-EFI,,YTX20HL-BS(65989-97B/C),10R12A,2,"2,460",870,"1,060",307,[1246cc]　ナイトロッド・スペシャル（VRSCDXA）,約5L,,,,,HD63793-01K,,,,,,,,,120 70 ZR 19 60W TL,240 40 R 18 79V TL,Wディスク,ディスク,02557_1.jpg
Harley-Davidson,1246cc,2009,HH,V-ROD VRSCDX(Vロッド VRSCDX ナイトロッドスペシャル),H-Revo-EFI,,YTX20HL-BS(65989-97B/C),10R12A,2,"2,460",870,"1,060",307,[1246cc]　ナイトロッド・スペシャル（VRSCDXA）,約5L,,,,,HD63793-01K,,,,,,,,,120 70 ZR 19 60W TL,240 40 R 18 79V TL,Wディスク,ディスク,02557_1.jpg
Harley-Davidson,1246cc,2010,HH,V-ROD VRSCDX(Vロッド VRSCDX ナイトロッドスペシャル),H-Revo-EFI,,YTX20HL-BS(65989-97B/C),10R12A,2,"2,460",870,"1,060",307,[1246cc]　ナイトロッド・スペシャル（VRSCDXA）,約5L,,,,,HD63793-01K,,,,,,,,,120 70 ZR 19 60W TL,240 40 R 18 79V TL,Wディスク,ディスク,02557_1.jpg
Harley-Davidson,1246cc,2011,HH,V-ROD VRSCDX(Vロッド VRSCDX ナイトロッドスペシャル),H-Revo-EFI,,YTX20HL-BS(65989-97B/C),10R12A,2,"2,460",870,"1,060",307,[1246cc]　ナイトロッド・スペシャル（VRSCDXA）,約5L,,,,,HD63793-01K,,,,,,,,,120 70 ZR 19 60W TL,240 40 R 18 79V TL,Wディスク,ディスク,02557_1.jpg
Harley-Davidson,1246cc,2012,HH,V-ROD VRSCDX(Vロッド VRSCDX ナイトロッドスペシャル),H-Revo-EFI,,65989-97C,10R12A,2,"2,440",890,"1,065",307,[1246cc]　ナイトロッド・スペシャル（VRSCDX）,約5L,,,,,HD63793-01K,,,,,,,,,120 70 ZR 19 60W TL,240 40 R 18 79V TL,Wディスク,ディスク,03429_1.jpg
Harley-Davidson,1246cc,2013,HH,V-ROD VRSCDX(Vロッド VRSCDX ナイトロッドスペシャル),H-Revo-EFI,,65989-97C,10R12A,2,"2,440",890,"1,065",307,[1246cc]　ナイトロッド・スペシャル（VRSCDX）,約5L,,,,,HD63793-01K,,,,,,,,,120 70 ZR 19 60W TL,240 40 R 18 79V TL,Wディスク,ディスク,03429_1.jpg
Harley-Davidson,1246cc,2014,HH,V-ROD VRSCDX(Vロッド VRSCDX ナイトロッドスペシャル),H-Revo-EFI,,65989-97C,10R12A,2,"2,440",890,"1,065",307,[1246cc]　ナイトロッド・スペシャル（VRSCDX）,約5L,,,,,HD63793-01K,,,,,,,,,120 70 ZR 19 60W TL,240 40 R 18 79V TL,Wディスク,ディスク,03429_1.jpg
Harley-Davidson,1246cc,2015,HH,V-ROD VRSCDX(Vロッド VRSCDX ナイトロッドスペシャル),H-Revo-EFI,,65989-97C,10R12A,2,"2,440",890,"1,065",307,[1246cc]　ナイトロッド・スペシャル（VRSCDX）,約5L,,,,,HD63793-01K,,,,,,,,,120 70 ZR 19 60W TL,240 40 R 18 79V TL,Wディスク,ディスク,03429_1.jpg
Harley-Davidson,1246cc,2016,HH,V-ROD VRSCDX(Vロッド VRSCDX ナイトロッドスペシャル),H-Revo-EFI,,65989-97C,10R12A,2,"2,440",890,"1,065",307,[1246cc]　ナイトロッド・スペシャル（VRSCDX）,約5L,,,,,HD63793-01K,,,,,,,,,120 70 ZR 19 60W TL,240 40 R 18 79V TL,Wディスク,ディスク,03429_1.jpg
Harley-Davidson,1246cc,2017,HH,V-ROD VRSCDX(Vロッド VRSCDX ナイトロッドスペシャル),H-Revo-EFI,,65989-97C,10R12A,2,"2,440",890,"1,065",307,[1246cc]　ナイトロッド・スペシャル（VRSCDX）,約5L,,,,,HD63793-01K,,,,,,,,,120 70 ZR 19 60W TL,240 40 R 18 79V TL,Wディスク,ディスク,03429_1.jpg
