manufacturer,haikiryo,year_range,model_name,bike_name,engine_model,frame_no,scooter,DCT,spark_plug_qty,length,width,height,weight,特徴他,engine_oil_change,engine_filter_change,front_tire,rear_tire,front_brake,rear_brake,画像ファイル
HONDA,49cc,1988,A-AF18,Dio,AF18E,AF18 - 1000001 〜,スクーター125,,1,"1,600",615,990,63,2st　■SK50MJ／MK／ML,ー,,3.00 - 10 4PR,3.00 - 10 4PR,ドラム,ドラム,02808_1.jpg
HONDA,49cc,1989,A-AF18,Dio,AF18E,AF18 - 1000001 〜,スクーター125,,1,"1,600",615,990,63,2st　■SK50MJ／MK／ML,ー,,3.00 - 10 4PR,3.00 - 10 4PR,ドラム,ドラム,02808_1.jpg
HONDA,49cc,1990,A-AF18,Dio,AF18E,AF18 - 1000001 〜,スクーター125,,1,"1,600",615,990,63,2st　■SK50MJ／MK／ML,ー,,3.00 - 10 4PR,3.00 - 10 4PR,ドラム,ドラム,02808_1.jpg
HONDA,49cc,1991,A-AF27,Dio,AF18E,AF27 - 1485762 〜 1686253,スクーター125,,1,"1,640",615,995,68,2st　6.8ps　■モデル名：SK50ML-1J／YF,ー,,3.00 - 10 42J TL,3.00 - 10 42J TL,ドラム,ドラム,02810_1.jpg
HONDA,49cc,2004,BA-AF62,Dio,AF61E,AF62 - 1000001 〜,スクーター125,,1,"1,720",630,"1,020",73,4st　■モデル名：NSK50SH4／5／6／7,0.7,,80 100 - 10 46J TL,80 100 - 10 46J TL,ドラム,ドラム,01237_1.jpg
HONDA,49cc,2005,BA-AF62,Dio,AF61E,AF62 - 1000001 〜,スクーター125,,1,"1,720",630,"1,020",73,4st　■モデル名：NSK50SH4／5／6／7,0.7,,80 100 - 10 46J TL,80 100 - 10 46J TL,ドラム,ドラム,01237_1.jpg
HONDA,49cc,2006,BA-AF62,Dio,AF61E,AF62 - 1000001 〜,スクーター125,,1,"1,720",630,"1,020",73,4st　■モデル名：NSK50SH4／5／6／7,0.7,,80 100 - 10 46J TL,80 100 - 10 46J TL,ドラム,ドラム,01237_1.jpg
HONDA,49cc,2007,BA-AF62,Dio,AF61E,AF62 - 1000001 〜,スクーター125,,1,"1,720",630,"1,020",73,4st　■モデル名：NSK50SH4／5／6／7,0.7,,80 100 - 10 46J TL,80 100 - 10 46J TL,ドラム,ドラム,01237_1.jpg
HONDA,49cc,2007,JBH-AF68,Dio,AF67E,AF68 - 1000001 〜,スクーター125,,1,"1,720",630,"1,020",81,4st　STD／スペシャル（限定販売）　PGM-FI搭載■モデル名：NSK50SH8／9／A／B／E,0.7,,80 100 - 10 46J TL,80 100 - 10 46J TL,ドラム,ドラム,02527_1.jpg
HONDA,49cc,2008,JBH-AF68,Dio,AF67E,AF68 - 1000001 〜,スクーター125,,1,"1,720",630,"1,020",81,4st　STD／スペシャル（限定販売）　PGM-FI搭載■モデル名：NSK50SH8／9／A／B／E,0.7,,80 100 - 10 46J TL,80 100 - 10 46J TL,ドラム,ドラム,02527_1.jpg
HONDA,49cc,2009,JBH-AF68,Dio,AF67E,AF68 - 1000001 〜,スクーター125,,1,"1,720",630,"1,020",81,4st　STD／スペシャル（限定販売）　PGM-FI搭載■モデル名：NSK50SH8／9／A／B／E,0.7,,80 100 - 10 46J TL,80 100 - 10 46J TL,ドラム,ドラム,02527_1.jpg
HONDA,49cc,2010,JBH-AF68,Dio,AF67E,AF68 - 1000001 〜,スクーター125,,1,"1,720",630,"1,020",81,4st　STD／スペシャル（限定販売）　PGM-FI搭載■モデル名：NSK50SH8／9／A／B／E,0.7,,80 100 - 10 46J TL,80 100 - 10 46J TL,ドラム,ドラム,02527_1.jpg
HONDA,49cc,2011,JBH-AF68,Dio,AF67E,AF68 - 1000001 〜,スクーター125,,1,"1,720",630,"1,020",81,4st　STD／スペシャル（限定販売）　PGM-FI搭載■モデル名：NSK50SH8／9／A／B／E,0.7,,80 100 - 10 46J TL,80 100 - 10 46J TL,ドラム,ドラム,02527_1.jpg
HONDA,49cc,2012,JBH-AF68,Dio,AF67E,AF68 - 1000001 〜,スクーター125,,1,"1,720",630,"1,020",81,4st　STD／スペシャル（限定販売）　PGM-FI搭載■モデル名：NSK50SH8／9／A／B／E,0.7,,80 100 - 10 46J TL,80 100 - 10 46J TL,ドラム,ドラム,02527_1.jpg
HONDA,49cc,2013,JBH-AF68,Dio,AF67E,AF68 - 1000001 〜,スクーター125,,1,"1,720",630,"1,020",81,4st　STD／スペシャル（限定販売）　PGM-FI搭載■モデル名：NSK50SH8／9／A／B／E,0.7,,80 100 - 10 46J TL,80 100 - 10 46J TL,ドラム,ドラム,02527_1.jpg
HONDA,49cc,2014,JBH-AF68,Dio,AF67E,AF68 - 1000001 〜,スクーター125,,1,"1,720",630,"1,020",81,4st　STD／スペシャル（限定販売）　PGM-FI搭載■モデル名：NSK50SH8／9／A／B／E,0.7,,80 100 - 10 46J TL,80 100 - 10 46J TL,ドラム,ドラム,02527_1.jpg
HONDA,49cc,2015,JBH-AF68,Dio,AF67E,AF68 - 1000001 〜,スクーター125,,1,"1,720",630,"1,020",81,4st　STD／スペシャル（限定販売）　PGM-FI搭載■モデル名：NSK50SH8／9／A／B／E,0.7,,80 100 - 10 46J TL,80 100 - 10 46J TL,ドラム,ドラム,02527_1.jpg
HONDA,49cc,2016,JBH-AF68,Dio,AF67E,AF68 - 1000001 〜,スクーター125,,1,"1,720",630,"1,020",81,4st　STD／スペシャル（限定販売）　PGM-FI搭載■モデル名：NSK50SH8／9／A／B／E,0.7,,80 100 - 10 46J TL,80 100 - 10 46J TL,ドラム,ドラム,02527_1.jpg
HONDA,49cc,1997,A-AF27,Dio Fit,AF18E,AF27 - 4000001 〜,スクーター125,,1,"1,650",615,995,67,■モデル名：SK50V／W／X,ー,,80 90 - 10 44J TL,80 90 - 10 44J TL,ドラム,ドラム,00501_1.jpg
HONDA,49cc,1998,A-AF27,Dio Fit,AF18E,AF27 - 4000001 〜,スクーター125,,1,"1,650",615,995,67,■モデル名：SK50V／W／X,ー,,80 90 - 10 44J TL,80 90 - 10 44J TL,ドラム,ドラム,00501_1.jpg
HONDA,49cc,1999,A-AF27,Dio Fit,AF18E,AF27 - 4000001 〜,スクーター125,,1,"1,650",615,995,67,■モデル名：SK50V／W／X,ー,,80 90 - 10 44J TL,80 90 - 10 44J TL,ドラム,ドラム,00501_1.jpg
HONDA,49cc,2000,A-AF27,Dio Fit,AF18E,AF27 - 4000001 〜,スクーター125,,1,"1,650",615,995,67,■モデル名：SK50V／W／X,ー,,80 90 - 10 44J TL,80 90 - 10 44J TL,ドラム,ドラム,00501_1.jpg
HONDA,49cc,2001,A-AF27,Dio Fit,AF18E,AF27 - 4000001 〜,スクーター125,,1,"1,650",615,995,67,■モデル名：SK50V／W／X,ー,,80 90 - 10 44J TL,80 90 - 10 44J TL,ドラム,ドラム,00501_1.jpg
HONDA,49cc,2001,BA-AF56,Dio スマートDio,AF55E,AF56 - 1000001 〜,スクーター125,,1,"1,710",620,"1,010",76,■モデル名：SKX501／2／3／4／5／7,0.6,,90 90 - 10 50J TL,90 90 - 10 50J TL,ドラム,ドラム,01221_1.jpg
HONDA,49cc,2002,BA-AF56,Dio スマートDio,AF55E,AF56 - 1000001 〜,スクーター125,,1,"1,710",620,"1,010",76,■モデル名：SKX501／2／3／4／5／7,0.6,,90 90 - 10 50J TL,90 90 - 10 50J TL,ドラム,ドラム,01221_1.jpg
HONDA,49cc,2003,BA-AF56,Dio スマートDio,AF55E,AF56 - 1000001 〜,スクーター125,,1,"1,710",620,"1,010",76,■モデル名：SKX501／2／3／4／5／7,0.6,,90 90 - 10 50J TL,90 90 - 10 50J TL,ドラム,ドラム,01221_1.jpg
HONDA,49cc,2004,BA-AF56,Dio スマートDio,AF55E,AF56 - 1000001 〜,スクーター125,,1,"1,710",620,"1,010",76,■モデル名：SKX501／2／3／4／5／7,0.6,,90 90 - 10 50J TL,90 90 - 10 50J TL,ドラム,ドラム,01221_1.jpg
HONDA,49cc,2005,BA-AF56,Dio スマートDio,AF55E,AF56 - 1000001 〜,スクーター125,,1,"1,710",620,"1,010",76,■モデル名：SKX501／2／3／4／5／7,0.6,,90 90 - 10 50J TL,90 90 - 10 50J TL,ドラム,ドラム,01221_1.jpg
HONDA,49cc,2006,BA-AF56,Dio スマートDio,AF55E,AF56 - 1000001 〜,スクーター125,,1,"1,710",620,"1,010",76,■モデル名：SKX501／2／3／4／5／7,0.6,,90 90 - 10 50J TL,90 90 - 10 50J TL,ドラム,ドラム,01221_1.jpg
HONDA,49cc,2007,BA-AF56,Dio スマートDio,AF55E,AF56 - 1000001 〜,スクーター125,,1,"1,710",620,"1,010",76,■モデル名：SKX501／2／3／4／5／7,0.6,,90 90 - 10 50J TL,90 90 - 10 50J TL,ドラム,ドラム,01221_1.jpg
HONDA,49cc,2002,BA-AF57,Dio スマートDio Z4,AF55E,AF57 - 1100001 〜 1199999,スクーター125,,1,"1,710",620,"1,010",77,■モデル名：SKX50S2　アルミホイール・LED式第2制動灯 HTSP,0.6,,90 90 - 10 50J TL,90 90 - 10 50J TL,シングルディスク,ドラム,01227_1.jpg
HONDA,49cc,2003,BA-AF57,Dio スマートDio Z4,AF55E,AF57 - 1100001 〜 1199999,スクーター125,,1,"1,710",620,"1,010",77,■モデル名：SKX50S2　アルミホイール・LED式第2制動灯 HTSP,0.6,,90 90 - 10 50J TL,90 90 - 10 50J TL,シングルディスク,ドラム,01227_1.jpg
HONDA,49cc,2001,BA-AF57,Dio スマートDio,AF55E,AF57 - 1000001 〜,スクーター125,,1,"1,710",620,"1,010",77,DX　■モデル名：SKX501／2／3／4／5／7　アイドルストップ・前輪ディスクブレーキ,0.6,,90 90 - 10 50J TL,90 90 - 10 50J TL,シングルディスク,ドラム,01226_1.jpg
HONDA,49cc,2002,BA-AF57,Dio スマートDio,AF55E,AF57 - 1000001 〜,スクーター125,,1,"1,710",620,"1,010",77,DX　■モデル名：SKX501／2／3／4／5／7　アイドルストップ・前輪ディスクブレーキ,0.6,,90 90 - 10 50J TL,90 90 - 10 50J TL,シングルディスク,ドラム,01226_1.jpg
HONDA,49cc,2003,BA-AF57,Dio スマートDio,AF55E,AF57 - 1000001 〜,スクーター125,,1,"1,710",620,"1,010",77,DX　■モデル名：SKX501／2／3／4／5／7　アイドルストップ・前輪ディスクブレーキ,0.6,,90 90 - 10 50J TL,90 90 - 10 50J TL,シングルディスク,ドラム,01226_1.jpg
HONDA,49cc,2004,BA-AF57,Dio スマートDio,AF55E,AF57 - 1000001 〜,スクーター125,,1,"1,710",620,"1,010",77,DX　■モデル名：SKX501／2／3／4／5／7　アイドルストップ・前輪ディスクブレーキ,0.6,,90 90 - 10 50J TL,90 90 - 10 50J TL,シングルディスク,ドラム,01226_1.jpg
HONDA,49cc,2005,BA-AF57,Dio スマートDio,AF55E,AF57 - 1000001 〜,スクーター125,,1,"1,710",620,"1,010",77,DX　■モデル名：SKX501／2／3／4／5／7　アイドルストップ・前輪ディスクブレーキ,0.6,,90 90 - 10 50J TL,90 90 - 10 50J TL,シングルディスク,ドラム,01226_1.jpg
HONDA,49cc,2006,BA-AF57,Dio スマートDio,AF55E,AF57 - 1000001 〜,スクーター125,,1,"1,710",620,"1,010",77,DX　■モデル名：SKX501／2／3／4／5／7　アイドルストップ・前輪ディスクブレーキ,0.6,,90 90 - 10 50J TL,90 90 - 10 50J TL,シングルディスク,ドラム,01226_1.jpg
HONDA,49cc,2007,BA-AF57,Dio スマートDio,AF55E,AF57 - 1000001 〜,スクーター125,,1,"1,710",620,"1,010",77,DX　■モデル名：SKX501／2／3／4／5／7　アイドルストップ・前輪ディスクブレーキ,0.6,,90 90 - 10 50J TL,90 90 - 10 50J TL,シングルディスク,ドラム,01226_1.jpg
HONDA,49cc,2004,BA-AF62,Dio チェスタ,AF61E,AF62 - 5000001 〜,スクーター125,,1,"1,720",630,"1,020",77,4st　フロントバスケット　■モデル名：NSC50SH4／5／6／7,0.7,,80 100 - 10 46J TL,80 100 - 10 46J TL,ドラム,ドラム,02294_1.jpg
HONDA,49cc,2005,BA-AF62,Dio チェスタ,AF61E,AF62 - 5000001 〜,スクーター125,,1,"1,720",630,"1,020",77,4st　フロントバスケット　■モデル名：NSC50SH4／5／6／7,0.7,,80 100 - 10 46J TL,80 100 - 10 46J TL,ドラム,ドラム,02294_1.jpg
HONDA,49cc,2006,BA-AF62,Dio チェスタ,AF61E,AF62 - 5000001 〜,スクーター125,,1,"1,720",630,"1,020",77,4st　フロントバスケット　■モデル名：NSC50SH4／5／6／7,0.7,,80 100 - 10 46J TL,80 100 - 10 46J TL,ドラム,ドラム,02294_1.jpg
HONDA,49cc,2007,BA-AF62,Dio チェスタ,AF61E,AF62 - 5000001 〜,スクーター125,,1,"1,720",630,"1,020",77,4st　フロントバスケット　■モデル名：NSC50SH4／5／6／7,0.7,,80 100 - 10 46J TL,80 100 - 10 46J TL,ドラム,ドラム,02294_1.jpg
HONDA,49cc,2004,BA-AF63,Dio スマートDio Z4,AF63E,AF63 - 1000001 〜,スクーター125,,1,"1,710",630,"1,010",81,PGM-FI　■モデル名：SKX50S4／5／6／7,0.6,,90 90 - 10 50J TL,90 90 - 10 50J TL,シングルディスク,ドラム,01238_1.jpg
HONDA,49cc,2005,BA-AF63,Dio スマートDio Z4,AF63E,AF63 - 1000001 〜,スクーター125,,1,"1,710",630,"1,010",81,PGM-FI　■モデル名：SKX50S4／5／6／7,0.6,,90 90 - 10 50J TL,90 90 - 10 50J TL,シングルディスク,ドラム,01238_1.jpg
HONDA,49cc,2006,BA-AF63,Dio スマートDio Z4,AF63E,AF63 - 1000001 〜,スクーター125,,1,"1,710",630,"1,010",81,PGM-FI　■モデル名：SKX50S4／5／6／7,0.6,,90 90 - 10 50J TL,90 90 - 10 50J TL,シングルディスク,ドラム,01238_1.jpg
HONDA,49cc,2007,BA-AF63,Dio スマートDio Z4,AF63E,AF63 - 1000001 〜,スクーター125,,1,"1,710",630,"1,010",81,PGM-FI　■モデル名：SKX50S4／5／6／7,0.6,,90 90 - 10 50J TL,90 90 - 10 50J TL,シングルディスク,ドラム,01238_1.jpg
HONDA,49cc,2007,JBH-AF68,Dio チェスタ,AF67E,AF68 -,スクーター125,,1,"1,720",630,"1,020",84,4st　フロントバスケット　■モデル名：NSC50SH8／9／B／E,0.7,,80 100 - 10 46J TL,80 100 - 10 46J TL,ドラム,ドラム,02528_1.jpg
HONDA,49cc,2008,JBH-AF68,Dio チェスタ,AF67E,AF68 -,スクーター125,,1,"1,720",630,"1,020",84,4st　フロントバスケット　■モデル名：NSC50SH8／9／B／E,0.7,,80 100 - 10 46J TL,80 100 - 10 46J TL,ドラム,ドラム,02528_1.jpg
HONDA,49cc,2009,JBH-AF68,Dio チェスタ,AF67E,AF68 -,スクーター125,,1,"1,720",630,"1,020",84,4st　フロントバスケット　■モデル名：NSC50SH8／9／B／E,0.7,,80 100 - 10 46J TL,80 100 - 10 46J TL,ドラム,ドラム,02528_1.jpg
HONDA,49cc,2010,JBH-AF68,Dio チェスタ,AF67E,AF68 -,スクーター125,,1,"1,720",630,"1,020",84,4st　フロントバスケット　■モデル名：NSC50SH8／9／B／E,0.7,,80 100 - 10 46J TL,80 100 - 10 46J TL,ドラム,ドラム,02528_1.jpg
HONDA,49cc,2011,JBH-AF68,Dio チェスタ,AF67E,AF68 -,スクーター125,,1,"1,720",630,"1,020",84,4st　フロントバスケット　■モデル名：NSC50SH8／9／B／E,0.7,,80 100 - 10 46J TL,80 100 - 10 46J TL,ドラム,ドラム,02528_1.jpg
HONDA,49cc,2012,JBH-AF68,Dio チェスタ,AF67E,AF68 -,スクーター125,,1,"1,720",630,"1,020",84,4st　フロントバスケット　■モデル名：NSC50SH8／9／B／E,0.7,,80 100 - 10 46J TL,80 100 - 10 46J TL,ドラム,ドラム,02528_1.jpg
HONDA,49cc,2013,JBH-AF68,Dio チェスタ,AF67E,AF68 -,スクーター125,,1,"1,720",630,"1,020",84,4st　フロントバスケット　■モデル名：NSC50SH8／9／B／E,0.7,,80 100 - 10 46J TL,80 100 - 10 46J TL,ドラム,ドラム,02528_1.jpg
HONDA,49cc,2014,JBH-AF68,Dio チェスタ,AF67E,AF68 -,スクーター125,,1,"1,720",630,"1,020",84,4st　フロントバスケット　■モデル名：NSC50SH8／9／B／E,0.7,,80 100 - 10 46J TL,80 100 - 10 46J TL,ドラム,ドラム,02528_1.jpg
HONDA,49cc,2015,JBH-AF68,Dio チェスタ,AF67E,AF68 -,スクーター125,,1,"1,720",630,"1,020",84,4st　フロントバスケット　■モデル名：NSC50SH8／9／B／E,0.7,,80 100 - 10 46J TL,80 100 - 10 46J TL,ドラム,ドラム,02528_1.jpg
HONDA,49cc,2016,JBH-AF68,Dio チェスタ,AF67E,AF68 -,スクーター125,,1,"1,720",630,"1,020",84,4st　フロントバスケット　■モデル名：NSC50SH8／9／B／E,0.7,,80 100 - 10 46J TL,80 100 - 10 46J TL,ドラム,ドラム,02528_1.jpg
HONDA,49cc,1994,A-AF34,Dio ライブDio,AF34E,AF34 - 1000001 〜 1564424,スクーター125,,1,"1,675",615,995,73,■モデル名：SK50MR／MS／MT,ー,,3.00 - 10 42J TL,3.00 - 10 42J TL,ドラム,ドラム,00502_1.jpg
HONDA,49cc,1995,A-AF34,Dio ライブDio,AF34E,AF34 - 1000001 〜 1564424,スクーター125,,1,"1,675",615,995,73,■モデル名：SK50MR／MS／MT,ー,,3.00 - 10 42J TL,3.00 - 10 42J TL,ドラム,ドラム,00502_1.jpg
HONDA,49cc,1996,A-AF34,Dio ライブDio,AF34E,AF34 - 1000001 〜 1564424,スクーター125,,1,"1,675",615,995,73,■モデル名：SK50MR／MS／MT,ー,,3.00 - 10 42J TL,3.00 - 10 42J TL,ドラム,ドラム,00502_1.jpg
HONDA,49cc,1997,BB-AF35,Dio ライブDio,AF34E,AF35 - 1500001 〜,スクーター125,,1,"1,675",625,995,75,前・後輪連動ABS　■モデル名：SK50MV／MW／MY　Fディスク　 7ps,ー,,3.00 - 10 42J TL,3.00 - 10 42J TL,シングルディスク,ドラム,00508_1.jpg
HONDA,49cc,1998,BB-AF35,Dio ライブDio,AF34E,AF35 - 1500001 〜,スクーター125,,1,"1,675",625,995,75,前・後輪連動ABS　■モデル名：SK50MV／MW／MY　Fディスク　 7ps,ー,,3.00 - 10 42J TL,3.00 - 10 42J TL,シングルディスク,ドラム,00508_1.jpg
HONDA,49cc,1999,BB-AF35,Dio ライブDio,AF34E,AF35 - 1500001 〜,スクーター125,,1,"1,675",625,995,75,前・後輪連動ABS　■モデル名：SK50MV／MW／MY　Fディスク　 7ps,ー,,3.00 - 10 42J TL,3.00 - 10 42J TL,シングルディスク,ドラム,00508_1.jpg
HONDA,49cc,2000,BB-AF35,Dio ライブDio,AF34E,AF35 - 1500001 〜,スクーター125,,1,"1,675",625,995,75,前・後輪連動ABS　■モデル名：SK50MV／MW／MY　Fディスク　 7ps,ー,,3.00 - 10 42J TL,3.00 - 10 42J TL,シングルディスク,ドラム,00508_1.jpg
HONDA,49cc,2000,BB-AF34,Dio ライブDio J-S,AF34E,AF34 - 3000001 〜,スクーター125,,1,"1,675",615,995,67,■モデル名：SK50MY／MM-1／2　Fドラム,ー,,3.00 - 10 42J TL,3.00 - 10 42J TL,ドラム,ドラム,01446_1.jpg
HONDA,49cc,2001,BB-AF34,Dio ライブDio J-S,AF34E,AF34 - 3000001 〜,スクーター125,,1,"1,675",615,995,67,■モデル名：SK50MY／MM-1／2　Fドラム,ー,,3.00 - 10 42J TL,3.00 - 10 42J TL,ドラム,ドラム,01446_1.jpg
HONDA,49cc,2002,BB-AF34,Dio ライブDio J-S,AF34E,AF34 - 3000001 〜,スクーター125,,1,"1,675",615,995,67,■モデル名：SK50MY／MM-1／2　Fドラム,ー,,3.00 - 10 42J TL,3.00 - 10 42J TL,ドラム,ドラム,01446_1.jpg
HONDA,49cc,1994,A-AF35,Dio ライブDio ZX,AF34E,AF35 - 1000001 〜 1999999,スクーター125,,1,"1,675",630,995,76,ライブDIO-SR(SK50MR-2)のハイグレード仕様　■モデル名：SK50MR／MS／MT／MV／MW,ー,,90 90 - 10 50J TL,90 90 - 10 50J TL,シングルディスク,ドラム,00505_1.jpg
HONDA,49cc,1995,A-AF35,Dio ライブDio ZX,AF34E,AF35 - 1000001 〜 1999999,スクーター125,,1,"1,675",630,995,76,ライブDIO-SR(SK50MR-2)のハイグレード仕様　■モデル名：SK50MR／MS／MT／MV／MW,ー,,90 90 - 10 50J TL,90 90 - 10 50J TL,シングルディスク,ドラム,00505_1.jpg
HONDA,49cc,1996,A-AF35,Dio ライブDio ZX,AF34E,AF35 - 1000001 〜 1999999,スクーター125,,1,"1,675",630,995,76,ライブDIO-SR(SK50MR-2)のハイグレード仕様　■モデル名：SK50MR／MS／MT／MV／MW,ー,,90 90 - 10 50J TL,90 90 - 10 50J TL,シングルディスク,ドラム,00505_1.jpg
HONDA,49cc,1997,A-AF35,Dio ライブDio ZX,AF34E,AF35 - 1000001 〜 1999999,スクーター125,,1,"1,675",630,995,76,ライブDIO-SR(SK50MR-2)のハイグレード仕様　■モデル名：SK50MR／MS／MT／MV／MW,ー,,90 90 - 10 50J TL,90 90 - 10 50J TL,シングルディスク,ドラム,00505_1.jpg
HONDA,49cc,1998,A-AF35,Dio ライブDio ZX,AF34E,AF35 - 1000001 〜 1999999,スクーター125,,1,"1,675",630,995,76,ライブDIO-SR(SK50MR-2)のハイグレード仕様　■モデル名：SK50MR／MS／MT／MV／MW,ー,,90 90 - 10 50J TL,90 90 - 10 50J TL,シングルディスク,ドラム,00505_1.jpg
HONDA,49cc,1999,BB-AF35,Dio ライブDio ZX,AF34E,AF35 - 2000001 〜,スクーター125,,1,"1,675",630,995,75,■モデル名：SK50MY／MM1／2　Fディスク　6.3ps,ー,,90 90 - 10 50J TL,90 90 - 10 50J TL,シングルディスク,ドラム,00506_1.jpg
HONDA,49cc,2000,BB-AF35,Dio ライブDio ZX,AF34E,AF35 - 2000001 〜,スクーター125,,1,"1,675",630,995,75,■モデル名：SK50MY／MM1／2　Fディスク　6.3ps,ー,,90 90 - 10 50J TL,90 90 - 10 50J TL,シングルディスク,ドラム,00506_1.jpg
HONDA,49cc,2001,BB-AF35,Dio ライブDio ZX,AF34E,AF35 - 2000001 〜,スクーター125,,1,"1,675",630,995,75,■モデル名：SK50MY／MM1／2　Fディスク　6.3ps,ー,,90 90 - 10 50J TL,90 90 - 10 50J TL,シングルディスク,ドラム,00506_1.jpg
HONDA,49cc,2002,BB-AF35,Dio ライブDio ZX,AF34E,AF35 - 2000001 〜,スクーター125,,1,"1,675",630,995,75,■モデル名：SK50MY／MM1／2　Fディスク　6.3ps,ー,,90 90 - 10 50J TL,90 90 - 10 50J TL,シングルディスク,ドラム,00506_1.jpg
HONDA,49cc,1995,A-AF34,Dio ライブDio チェスタ,AF34E,AF34 - 1233145 〜,スクーター125,,1,"1,675",615,995,75,フロントバスケット　■モデル名：SK50MS-4／MW4,ー,,3.00 - 10 42J TL,3.00 - 10 42J TL,ドラム,ドラム,00503_1.jpg
HONDA,49cc,1996,A-AF34,Dio ライブDio チェスタ,AF34E,AF34 - 1233145 〜,スクーター125,,1,"1,675",615,995,75,フロントバスケット　■モデル名：SK50MS-4／MW4,ー,,3.00 - 10 42J TL,3.00 - 10 42J TL,ドラム,ドラム,00503_1.jpg
HONDA,49cc,1997,A-AF34,Dio ライブDio チェスタ,AF34E,AF34 - 1233145 〜,スクーター125,,1,"1,675",615,995,75,フロントバスケット　■モデル名：SK50MS-4／MW4,ー,,3.00 - 10 42J TL,3.00 - 10 42J TL,ドラム,ドラム,00503_1.jpg
HONDA,49cc,1998,A-AF34,Dio ライブDio チェスタ,AF34E,AF34 - 1233145 〜,スクーター125,,1,"1,675",615,995,75,フロントバスケット　■モデル名：SK50MS-4／MW4,ー,,3.00 - 10 42J TL,3.00 - 10 42J TL,ドラム,ドラム,00503_1.jpg
HONDA,49cc,1999,A-AF34,Dio ライブDio チェスタ,AF34E,AF34 - 1233145 〜,スクーター125,,1,"1,675",615,995,75,フロントバスケット　■モデル名：SK50MS-4／MW4,ー,,3.00 - 10 42J TL,3.00 - 10 42J TL,ドラム,ドラム,00503_1.jpg
HONDA,49cc,2000,A-AF34,Dio ライブDio チェスタ,AF34E,AF34 - 1233145 〜,スクーター125,,1,"1,675",615,995,75,フロントバスケット　■モデル名：SK50MS-4／MW4,ー,,3.00 - 10 42J TL,3.00 - 10 42J TL,ドラム,ドラム,00503_1.jpg
HONDA,49cc,2001,A-AF34,Dio ライブDio チェスタ,AF34E,AF34 - 1233145 〜,スクーター125,,1,"1,675",615,995,75,フロントバスケット　■モデル名：SK50MS-4／MW4,ー,,3.00 - 10 42J TL,3.00 - 10 42J TL,ドラム,ドラム,00503_1.jpg
HONDA,49cc,2018,2BH-AA06,クロスカブ,AA04E,AA06 - 1000001 〜,,,1,"1,840",720,"1,050",100,PGM-FI　■STD・くまモンバージョン,0.8,,70 100 - 14 37P WT,80 100 - 14 49P WT,ドラム,ドラム,04407_1.jpg
HONDA,49cc,2019,2BH-AA06,クロスカブ,AA04E,AA06 - 1000001 〜,,,1,"1,840",720,"1,050",100,PGM-FI　■STD・くまモンバージョン,0.8,,70 100 - 14 37P WT,80 100 - 14 49P WT,ドラム,ドラム,04407_1.jpg
HONDA,49cc,2020,2BH-AA06,クロスカブ,AA04E,AA06 - 1000001 〜,,,1,"1,840",720,"1,050",100,PGM-FI　■STD・くまモンバージョン,0.8,,70 100 - 14 37P WT,80 100 - 14 49P WT,ドラム,ドラム,04407_1.jpg
HONDA,49cc,2021,2BH-AA06,クロスカブ,AA04E,AA06 - 1000001 〜,,,1,"1,840",720,"1,050",100,PGM-FI　■STD・くまモンバージョン,0.8,,70 100 - 14 37P WT,80 100 - 14 49P WT,ドラム,ドラム,04407_1.jpg
HONDA,49cc,2022,2BH-AA06,クロスカブ,AA04E,AA06 - 1000001 〜,,,1,"1,840",720,"1,050",100,PGM-FI　■STD・くまモンバージョン,0.8,,70 100 - 14 37P WT,80 100 - 14 49P WT,ドラム,ドラム,04407_1.jpg
HONDA,49cc,2023,2BH-AA06,クロスカブ,AA04E,AA06 - 1000001 〜,,,1,"1,840",720,"1,050",100,PGM-FI　■STD・くまモンバージョン,0.8,,70 100 - 14 37P WT,80 100 - 14 49P WT,ドラム,ドラム,04407_1.jpg
HONDA,49cc,2024,2BH-AA06,クロスカブ,AA04E,AA06 - 1000001 〜,,,1,"1,840",720,"1,050",100,PGM-FI　■STD・くまモンバージョン,0.8,,70 100 - 14 37P WT,80 100 - 14 49P WT,ドラム,ドラム,04407_1.jpg
HONDA,49cc,2025,2BH-AA06,クロスカブ,AA04E,AA06 - 1000001 〜,,,1,"1,840",720,"1,050",100,PGM-FI　■STD・くまモンバージョン,0.8,,70 100 - 14 37P WT,80 100 - 14 49P WT,ドラム,ドラム,04407_1.jpg
HONDA,49cc,1999,BA-AA01,スーパーカブ,AA01E,AA01 - 1000001　 〜 1299999,,,1,"1,800",660,"1,010",79,STD(S)・デラックス(D)・カスタム(CM)・STDバリエーション,0.6,,2.25 - 17 33L WT,2.25 - 17 33L WT,ドラム,ドラム,01207_1.jpg
HONDA,49cc,2000,BA-AA01,スーパーカブ,AA01E,AA01 - 1000001　 〜 1299999,,,1,"1,800",660,"1,010",79,STD(S)・デラックス(D)・カスタム(CM)・STDバリエーション,0.6,,2.25 - 17 33L WT,2.25 - 17 33L WT,ドラム,ドラム,01207_1.jpg
HONDA,49cc,2001,BA-AA01,スーパーカブ,AA01E,AA01 - 1000001　 〜 1299999,,,1,"1,800",660,"1,010",79,STD(S)・デラックス(D)・カスタム(CM)・STDバリエーション,0.6,,2.25 - 17 33L WT,2.25 - 17 33L WT,ドラム,ドラム,01207_1.jpg
HONDA,49cc,1992,A-C50,スーパーカブ,C50E,C50 - 0200001 〜 2299999,,,1,"1,800",660,"1,010",74,STD(S)・デラックス(D)・カスタム(CM)・ビジネス(B)　年式により(R)タイヤ幅違いあり,0.6,,2.25 - 17 4PR WT,2.50 - 17 4PR WT,ドラム,ドラム,00779_1.jpg
HONDA,49cc,1993,A-C50,スーパーカブ,C50E,C50 - 0200001 〜 2299999,,,1,"1,800",660,"1,010",74,STD(S)・デラックス(D)・カスタム(CM)・ビジネス(B)　年式により(R)タイヤ幅違いあり,0.6,,2.25 - 17 4PR WT,2.50 - 17 4PR WT,ドラム,ドラム,00779_1.jpg
HONDA,49cc,1994,A-C50,スーパーカブ,C50E,C50 - 0200001 〜 2299999,,,1,"1,800",660,"1,010",74,STD(S)・デラックス(D)・カスタム(CM)・ビジネス(B)　年式により(R)タイヤ幅違いあり,0.6,,2.25 - 17 4PR WT,2.50 - 17 4PR WT,ドラム,ドラム,00779_1.jpg
HONDA,49cc,1995,A-C50,スーパーカブ,C50E,C50 - 0200001 〜 2299999,,,1,"1,800",660,"1,010",74,STD(S)・デラックス(D)・カスタム(CM)・ビジネス(B)　年式により(R)タイヤ幅違いあり,0.6,,2.25 - 17 4PR WT,2.50 - 17 4PR WT,ドラム,ドラム,00779_1.jpg
HONDA,49cc,1996,A-C50,スーパーカブ,C50E,C50 - 0200001 〜 2299999,,,1,"1,800",660,"1,010",74,STD(S)・デラックス(D)・カスタム(CM)・ビジネス(B)　年式により(R)タイヤ幅違いあり,0.6,,2.25 - 17 4PR WT,2.50 - 17 4PR WT,ドラム,ドラム,00779_1.jpg
HONDA,49cc,1997,A-C50,スーパーカブ,C50E,C50 - 0200001 〜 2299999,,,1,"1,800",660,"1,010",74,STD(S)・デラックス(D)・カスタム(CM)・ビジネス(B)　年式により(R)タイヤ幅違いあり,0.6,,2.25 - 17 4PR WT,2.50 - 17 4PR WT,ドラム,ドラム,00779_1.jpg
HONDA,49cc,1998,A-C50,スーパーカブ,C50E,C50 - 0200001 〜 2299999,,,1,"1,800",660,"1,010",74,STD(S)・デラックス(D)・カスタム(CM)・ビジネス(B)　年式により(R)タイヤ幅違いあり,0.6,,2.25 - 17 4PR WT,2.50 - 17 4PR WT,ドラム,ドラム,00779_1.jpg
HONDA,49cc,1999,A-C50,スーパーカブ,C50E,C50 - 0200001 〜 2299999,,,1,"1,800",660,"1,010",74,STD(S)・デラックス(D)・カスタム(CM)・ビジネス(B)　年式により(R)タイヤ幅違いあり,0.6,,2.25 - 17 4PR WT,2.50 - 17 4PR WT,ドラム,ドラム,00779_1.jpg
HONDA,49cc,2002,BA-AA01,スーパーカブ,AA01E,AA01 - 1300001 〜 1599999,,,1,"1,800",660,"1,010",74,STD(S)・デラックス(D)・カスタム(CM)・STREET(ST),0.6,,2.25 - 17 33L WT,2.25 - 17 33L WT,ドラム,ドラム,02352_1.jpg
HONDA,49cc,2003,BA-AA01,スーパーカブ,AA01E,AA01 - 1300001 〜 1599999,,,1,"1,800",660,"1,010",74,STD(S)・デラックス(D)・カスタム(CM)・STREET(ST),0.6,,2.25 - 17 33L WT,2.25 - 17 33L WT,ドラム,ドラム,02352_1.jpg
HONDA,49cc,2004,BA-AA01,スーパーカブ,AA01E,AA01 - 1300001 〜 1599999,,,1,"1,800",660,"1,010",74,STD(S)・デラックス(D)・カスタム(CM)・STREET(ST),0.6,,2.25 - 17 33L WT,2.25 - 17 33L WT,ドラム,ドラム,02352_1.jpg
HONDA,49cc,2005,BA-AA01,スーパーカブ,AA01E,AA01 - 1300001 〜 1599999,,,1,"1,800",660,"1,010",74,STD(S)・デラックス(D)・カスタム(CM)・STREET(ST),0.6,,2.25 - 17 33L WT,2.25 - 17 33L WT,ドラム,ドラム,02352_1.jpg
HONDA,49cc,2006,BA-AA01,スーパーカブ,AA01E,AA01 - 1300001 〜 1599999,,,1,"1,800",660,"1,010",74,STD(S)・デラックス(D)・カスタム(CM)・STREET(ST),0.6,,2.25 - 17 33L WT,2.25 - 17 33L WT,ドラム,ドラム,02352_1.jpg
HONDA,49cc,2007,JBH-AA01,スーパーカブ,AA02E,AA01 - 1600001 〜,,,1,"1,800",660,"1,010",74,PGM-FI　STD(S)・デラックス(D)・カスタム(CM),0.6,,2.25 - 17 33L WT,2.25 - 17 33L WT,ドラム,ドラム,02517_1.jpg
HONDA,49cc,2008,JBH-AA01,スーパーカブ,AA02E,AA01 - 1600001 〜,,,1,"1,800",660,"1,010",74,PGM-FI　STD(S)・デラックス(D)・カスタム(CM),0.6,,2.25 - 17 33L WT,2.25 - 17 33L WT,ドラム,ドラム,02517_1.jpg
HONDA,49cc,2012,JBH-AA04,スーパーカブ,AA04E,AA04 - 1000001 〜,,,1,"1,915",700,"1,050",95,PGM-FI,0.8,,60 100 - 17 33P WT,60 100 - 17 33P WT,ドラム,ドラム,03427_1.jpg
HONDA,49cc,2013,JBH-AA04,スーパーカブ,AA04E,AA04 - 1000001 〜,,,1,"1,915",700,"1,050",95,PGM-FI,0.8,,60 100 - 17 33P WT,60 100 - 17 33P WT,ドラム,ドラム,03427_1.jpg
HONDA,49cc,2014,JBH-AA04,スーパーカブ,AA04E,AA04 - 1000001 〜,,,1,"1,915",700,"1,050",95,PGM-FI,0.8,,60 100 - 17 33P WT,60 100 - 17 33P WT,ドラム,ドラム,03427_1.jpg
HONDA,49cc,2015,JBH-AA04,スーパーカブ,AA04E,AA04 - 1000001 〜,,,1,"1,915",700,"1,050",95,PGM-FI,0.8,,60 100 - 17 33P WT,60 100 - 17 33P WT,ドラム,ドラム,03427_1.jpg
HONDA,49cc,2016,JBH-AA04,スーパーカブ,AA04E,AA04 - 1000001 〜,,,1,"1,915",700,"1,050",95,PGM-FI,0.8,,60 100 - 17 33P WT,60 100 - 17 33P WT,ドラム,ドラム,03427_1.jpg
HONDA,49cc,2017,JBH-AA04,スーパーカブ,AA04E,AA04 - 1000001 〜,,,1,"1,915",700,"1,050",95,PGM-FI,0.8,,60 100 - 17 33P WT,60 100 - 17 33P WT,ドラム,ドラム,03427_1.jpg
HONDA,49cc,2018,2BH-AA09,スーパーカブ,AA04E,AA09 - 1000001 〜,,,1,"1,915",700,"1,050",95,PGM-FI　■STD・60thAnni・ストリート,0.8,,60 100 - 17 33P WT,60 100 - 17 33P WT,ドラム,ドラム,04336_1.jpg
HONDA,49cc,2019,2BH-AA09,スーパーカブ,AA04E,AA09 - 1000001 〜,,,1,"1,915",700,"1,050",95,PGM-FI　■STD・60thAnni・ストリート,0.8,,60 100 - 17 33P WT,60 100 - 17 33P WT,ドラム,ドラム,04336_1.jpg
HONDA,49cc,2020,2BH-AA09,スーパーカブ,AA04E,AA09 - 1000001 〜,,,1,"1,915",700,"1,050",95,PGM-FI　■STD・60thAnni・ストリート,0.8,,60 100 - 17 33P WT,60 100 - 17 33P WT,ドラム,ドラム,04336_1.jpg
HONDA,49cc,2021,2BH-AA09,スーパーカブ,AA04E,AA09 - 1000001 〜,,,1,"1,915",700,"1,050",95,PGM-FI　■STD・60thAnni・ストリート,0.8,,60 100 - 17 33P WT,60 100 - 17 33P WT,ドラム,ドラム,04336_1.jpg
HONDA,49cc,2022,2BH-AA09,スーパーカブ,AA04E,AA09 - 1000001 〜,,,1,"1,915",700,"1,050",95,PGM-FI　■STD・60thAnni・ストリート,0.8,,60 100 - 17 33P WT,60 100 - 17 33P WT,ドラム,ドラム,04336_1.jpg
HONDA,49cc,2023,2BH-AA09,スーパーカブ,AA04E,AA09 - 1000001 〜,,,1,"1,915",700,"1,050",95,PGM-FI　■STD・60thAnni・ストリート,0.8,,60 100 - 17 33P WT,60 100 - 17 33P WT,ドラム,ドラム,04336_1.jpg
HONDA,49cc,2024,2BH-AA09,スーパーカブ,AA04E,AA09 - 1000001 〜,,,1,"1,915",700,"1,050",95,PGM-FI　■STD・60thAnni・ストリート,0.8,,60 100 - 17 33P WT,60 100 - 17 33P WT,ドラム,ドラム,04336_1.jpg
HONDA,49cc,2025,2BH-AA09,スーパーカブ,AA04E,AA09 - 1000001 〜,,,1,"1,915",700,"1,050",95,PGM-FI　■STD・60thAnni・ストリート,0.8,,60 100 - 17 33P WT,60 100 - 17 33P WT,ドラム,ドラム,04336_1.jpg
HONDA,49cc,2012,JBH-AA04,スーパーカブ PRO,AA04E,AA04 - 3000001 〜,,,1,"1,900",720,"1,050",106,PGM-FI,0.8,,70 100 - 14 37P WT,80 100 - 14 49P WT,ドラム,ドラム,03495_1.jpg
HONDA,49cc,2013,JBH-AA04,スーパーカブ PRO,AA04E,AA04 - 3000001 〜,,,1,"1,900",720,"1,050",106,PGM-FI,0.8,,70 100 - 14 37P WT,80 100 - 14 49P WT,ドラム,ドラム,03495_1.jpg
HONDA,49cc,2014,JBH-AA04,スーパーカブ PRO,AA04E,AA04 - 3000001 〜,,,1,"1,900",720,"1,050",106,PGM-FI,0.8,,70 100 - 14 37P WT,80 100 - 14 49P WT,ドラム,ドラム,03495_1.jpg
HONDA,49cc,2015,JBH-AA04,スーパーカブ PRO,AA04E,AA04 - 3000001 〜,,,1,"1,900",720,"1,050",106,PGM-FI,0.8,,70 100 - 14 37P WT,80 100 - 14 49P WT,ドラム,ドラム,03495_1.jpg
HONDA,49cc,2016,JBH-AA04,スーパーカブ PRO,AA04E,AA04 - 3000001 〜,,,1,"1,900",720,"1,050",106,PGM-FI,0.8,,70 100 - 14 37P WT,80 100 - 14 49P WT,ドラム,ドラム,03495_1.jpg
HONDA,49cc,2017,JBH-AA04,スーパーカブ PRO,AA04E,AA04 - 3000001 〜,,,1,"1,900",720,"1,050",106,PGM-FI,0.8,,70 100 - 14 37P WT,80 100 - 14 49P WT,ドラム,ドラム,03495_1.jpg
HONDA,49cc,2018,2BH-AA07,スーパーカブ PRO,AA04E,AA07 - 1000001 〜,,,1,"1,900",720,"1,050",106,PGM-FI,0.8,,70 100 - 14 37P WT,80 100 - 14 49P WT,ドラム,ドラム,04337_1.jpg
HONDA,49cc,2019,2BH-AA07,スーパーカブ PRO,AA04E,AA07 - 1000001 〜,,,1,"1,900",720,"1,050",106,PGM-FI,0.8,,70 100 - 14 37P WT,80 100 - 14 49P WT,ドラム,ドラム,04337_1.jpg
HONDA,49cc,2020,2BH-AA07,スーパーカブ PRO,AA04E,AA07 - 1000001 〜,,,1,"1,900",720,"1,050",106,PGM-FI,0.8,,70 100 - 14 37P WT,80 100 - 14 49P WT,ドラム,ドラム,04337_1.jpg
HONDA,49cc,2021,2BH-AA07,スーパーカブ PRO,AA04E,AA07 - 1000001 〜,,,1,"1,900",720,"1,050",106,PGM-FI,0.8,,70 100 - 14 37P WT,80 100 - 14 49P WT,ドラム,ドラム,04337_1.jpg
HONDA,49cc,2022,2BH-AA07,スーパーカブ PRO,AA04E,AA07 - 1000001 〜,,,1,"1,900",720,"1,050",106,PGM-FI,0.8,,70 100 - 14 37P WT,80 100 - 14 49P WT,ドラム,ドラム,04337_1.jpg
HONDA,49cc,2023,2BH-AA07,スーパーカブ PRO,AA04E,AA07 - 1000001 〜,,,1,"1,900",720,"1,050",106,PGM-FI,0.8,,70 100 - 14 37P WT,80 100 - 14 49P WT,ドラム,ドラム,04337_1.jpg
HONDA,49cc,2024,2BH-AA07,スーパーカブ PRO,AA04E,AA07 - 1000001 〜,,,1,"1,900",720,"1,050",106,PGM-FI,0.8,,70 100 - 14 37P WT,80 100 - 14 49P WT,ドラム,ドラム,04337_1.jpg
HONDA,49cc,2025,2BH-AA07,スーパーカブ PRO,AA04E,AA07 - 1000001 〜,,,1,"1,900",720,"1,050",106,PGM-FI,0.8,,70 100 - 14 37P WT,80 100 - 14 49P WT,ドラム,ドラム,04337_1.jpg
HONDA,109cc,2009,EBJ-JA07,スーパーカブ110,JA07E,JA07 - 1000001 〜,,,1,"1,830",710,"1,040",93,PGM-FI,0.8,,2.25 - 17 33L WT,2.50 - 17 43L WT,ドラム,ドラム,02702_1.jpg
HONDA,109cc,2010,EBJ-JA07,スーパーカブ110,JA07E,JA07 - 1000001 〜,,,1,"1,830",710,"1,040",93,PGM-FI,0.8,,2.25 - 17 33L WT,2.50 - 17 43L WT,ドラム,ドラム,02702_1.jpg
HONDA,109cc,2011,EBJ-JA07,スーパーカブ110,JA07E,JA07 - 1000001 〜,,,1,"1,830",710,"1,040",93,PGM-FI,0.8,,2.25 - 17 33L WT,2.50 - 17 43L WT,ドラム,ドラム,02702_1.jpg
HONDA,109cc,2012,EBJ-JA10,スーパーカブ110,JA10E,JA10 - 1000001 〜,,,1,"1,915",700,"1,050",98,PGM-FI,0.8,,70 90 - 17 38P WT,80 90 - 17 44P WT,ドラム,ドラム,03397_1.jpg
HONDA,109cc,2013,EBJ-JA10,スーパーカブ110,JA10E,JA10 - 1000001 〜,,,1,"1,915",700,"1,050",98,PGM-FI,0.8,,70 90 - 17 38P WT,80 90 - 17 44P WT,ドラム,ドラム,03397_1.jpg
HONDA,109cc,2014,EBJ-JA10,スーパーカブ110,JA10E,JA10 - 1000001 〜,,,1,"1,915",700,"1,050",98,PGM-FI,0.8,,70 90 - 17 38P WT,80 90 - 17 44P WT,ドラム,ドラム,03397_1.jpg
HONDA,109cc,2015,EBJ-JA10,スーパーカブ110,JA10E,JA10 - 1000001 〜,,,1,"1,915",700,"1,050",98,PGM-FI,0.8,,70 90 - 17 38P WT,80 90 - 17 44P WT,ドラム,ドラム,03397_1.jpg
HONDA,109cc,2016,EBJ-JA10,スーパーカブ110,JA10E,JA10 - 1000001 〜,,,1,"1,915",700,"1,050",98,PGM-FI,0.8,,70 90 - 17 38P WT,80 90 - 17 44P WT,ドラム,ドラム,03397_1.jpg
HONDA,109cc,2017,EBJ-JA10,スーパーカブ110,JA10E,JA10 - 1000001 〜,,,1,"1,915",700,"1,050",98,PGM-FI,0.8,,70 90 - 17 38P WT,80 90 - 17 44P WT,ドラム,ドラム,03397_1.jpg
HONDA,109cc,2018,2BJ-JA44,スーパーカブ110,JA10E,JA44 - 1000001 〜,,,1,"1,915",700,"1,050",99,PGM-FI　■STD・60thAnni・ストリート・天気の子Ver,0.8,,70 90 - 17 38P WT,80 90 - 17 44P WT,ドラム,ドラム,04335_1.jpg
HONDA,109cc,2019,2BJ-JA44,スーパーカブ110,JA10E,JA44 - 1000001 〜,,,1,"1,915",700,"1,050",99,PGM-FI　■STD・60thAnni・ストリート・天気の子Ver,0.8,,70 90 - 17 38P WT,80 90 - 17 44P WT,ドラム,ドラム,04335_1.jpg
HONDA,109cc,2020,2BJ-JA44,スーパーカブ110,JA10E,JA44 - 1000001 〜,,,1,"1,915",700,"1,050",99,PGM-FI　■STD・60thAnni・ストリート・天気の子Ver,0.8,,70 90 - 17 38P WT,80 90 - 17 44P WT,ドラム,ドラム,04335_1.jpg
HONDA,109cc,2021,2BJ-JA44,スーパーカブ110,JA10E,JA44 - 1000001 〜,,,1,"1,915",700,"1,050",99,PGM-FI　■STD・60thAnni・ストリート・天気の子Ver,0.8,,70 90 - 17 38P WT,80 90 - 17 44P WT,ドラム,ドラム,04335_1.jpg
HONDA,109cc,2022,8BJ-JA59,スーパーカブ110,JA59E,JA59 - 1000001 〜,,,1,"1,860",705,"1,040",101,(国内生産）■モデル名：(STD）C110JN／JS　・(HELLO KITTY）C110JS-3J　キャスト、チューブレス,0.8,,70 90 - 17 38P TL,80 90 - 17 50P TL,シングルディスク,ドラム,04881_1.jpg
HONDA,109cc,2023,8BJ-JA59,スーパーカブ110,JA59E,JA59 - 1000001 〜,,,1,"1,860",705,"1,040",101,(国内生産）■モデル名：(STD）C110JN／JS　・(HELLO KITTY）C110JS-3J　キャスト、チューブレス,0.8,,70 90 - 17 38P TL,80 90 - 17 50P TL,シングルディスク,ドラム,04881_1.jpg
HONDA,109cc,2024,8BJ-JA59,スーパーカブ110,JA59E,JA59 - 1000001 〜,,,1,"1,860",705,"1,040",101,(国内生産）■モデル名：(STD）C110JN／JS　・(HELLO KITTY）C110JS-3J　キャスト、チューブレス,0.8,,70 90 - 17 38P TL,80 90 - 17 50P TL,シングルディスク,ドラム,04881_1.jpg
HONDA,109cc,2025,8BJ-JA59,スーパーカブ110,JA59E,JA59 - 1000001 〜,,,1,"1,860",705,"1,040",101,(国内生産）■モデル名：(STD）C110JN／JS　・(HELLO KITTY）C110JS-3J　キャスト、チューブレス,0.8,,70 90 - 17 38P TL,80 90 - 17 50P TL,シングルディスク,ドラム,04881_1.jpg
HONDA,109cc,2026,8BJ-JA59,スーパーカブ110,JA59E,JA59 - 1000001 〜,,,1,"1,860",705,"1,040",101,(国内生産）■モデル名：(STD）C110JN／JS　・(HELLO KITTY）C110JS-3J　キャスト、チューブレス,0.8,,70 90 - 17 38P TL,80 90 - 17 50P TL,シングルディスク,ドラム,04881_1.jpg
HONDA,109cc,2026,8BH-JA76,スーパーカブ110 Lite,JA76E,JA76 - 1000001 〜,,,1,"1,860",705,"1,040",101,(新基準原付）国内生産　フロントのみABS　■(STD）C110JQZT　キャスト、チューブレス,0.8,,70 90 - 17 38P TL,80 90 - 17 50P TL,シングルディスク,ドラム,05330_1.jpg
HONDA,109cc,2009,EBJ-JA07,スーパーカブ110 PRO,JA07E,JA07 - 3000001 〜,,,1,"1,845",715,"1,045",104,Fバスケット、Rキャリア,0.8,,70 100 - 14 37P WT,80 100 - 14 49P WT,ドラム,ドラム,03323_1.jpg
HONDA,109cc,2010,EBJ-JA07,スーパーカブ110 PRO,JA07E,JA07 - 3000001 〜,,,1,"1,845",715,"1,045",104,Fバスケット、Rキャリア,0.8,,70 100 - 14 37P WT,80 100 - 14 49P WT,ドラム,ドラム,03323_1.jpg
HONDA,109cc,2011,EBJ-JA07,スーパーカブ110 PRO,JA07E,JA07 - 3000001 〜,,,1,"1,845",715,"1,045",104,Fバスケット、Rキャリア,0.8,,70 100 - 14 37P WT,80 100 - 14 49P WT,ドラム,ドラム,03323_1.jpg
HONDA,109cc,2012,EBJ-JA10,スーパーカブ110 PRO,JA10E,JA10 - 1100001 〜,,,1,"1,900",720,"1,050",107,Fバスケット、Rキャリア　■STD・郵政モデル,0.8,,70 100 - 14 37P WT,80 100 - 14 49P WT,ドラム,ドラム,03496_1.jpg
HONDA,109cc,2013,EBJ-JA10,スーパーカブ110 PRO,JA10E,JA10 - 1100001 〜,,,1,"1,900",720,"1,050",107,Fバスケット、Rキャリア　■STD・郵政モデル,0.8,,70 100 - 14 37P WT,80 100 - 14 49P WT,ドラム,ドラム,03496_1.jpg
HONDA,109cc,2014,EBJ-JA10,スーパーカブ110 PRO,JA10E,JA10 - 1100001 〜,,,1,"1,900",720,"1,050",107,Fバスケット、Rキャリア　■STD・郵政モデル,0.8,,70 100 - 14 37P WT,80 100 - 14 49P WT,ドラム,ドラム,03496_1.jpg
HONDA,109cc,2015,EBJ-JA10,スーパーカブ110 PRO,JA10E,JA10 - 1100001 〜,,,1,"1,900",720,"1,050",107,Fバスケット、Rキャリア　■STD・郵政モデル,0.8,,70 100 - 14 37P WT,80 100 - 14 49P WT,ドラム,ドラム,03496_1.jpg
HONDA,109cc,2016,EBJ-JA10,スーパーカブ110 PRO,JA10E,JA10 - 1100001 〜,,,1,"1,900",720,"1,050",107,Fバスケット、Rキャリア　■STD・郵政モデル,0.8,,70 100 - 14 37P WT,80 100 - 14 49P WT,ドラム,ドラム,03496_1.jpg
HONDA,109cc,2017,EBJ-JA10,スーパーカブ110 PRO,JA10E,JA10 - 1100001 〜,,,1,"1,900",720,"1,050",107,Fバスケット、Rキャリア　■STD・郵政モデル,0.8,,70 100 - 14 37P WT,80 100 - 14 49P WT,ドラム,ドラム,03496_1.jpg
HONDA,109cc,2018,2BJ-JA42,スーパーカブ110 PRO,JA10E,JA42 - 1000001 〜,,,1,"1,900",720,"1,050",109,Fバスケット、リアキャリア,0.8,,70 100 - 14 37P WT,80 100 - 14 49P WT,ドラム,ドラム,04338_1.jpg
HONDA,109cc,2019,2BJ-JA42,スーパーカブ110 PRO,JA10E,JA42 - 1000001 〜,,,1,"1,900",720,"1,050",109,Fバスケット、リアキャリア,0.8,,70 100 - 14 37P WT,80 100 - 14 49P WT,ドラム,ドラム,04338_1.jpg
HONDA,109cc,2020,2BJ-JA42,スーパーカブ110 PRO,JA10E,JA42 - 1000001 〜,,,1,"1,900",720,"1,050",109,Fバスケット、リアキャリア,0.8,,70 100 - 14 37P WT,80 100 - 14 49P WT,ドラム,ドラム,04338_1.jpg
HONDA,109cc,2021,2BJ-JA42,スーパーカブ110 PRO,JA10E,JA42 - 1000001 〜,,,1,"1,900",720,"1,050",109,Fバスケット、リアキャリア,0.8,,70 100 - 14 37P WT,80 100 - 14 49P WT,ドラム,ドラム,04338_1.jpg
HONDA,109cc,2022,8BJ-JA61,スーパーカブ110 PRO,JA59E,JA61 - 1000001 〜,,,1,"1,860",730,"1,065",111,(国内生産）■(STD）C110BNN／BNS／BNT　キャスト、チューブレス　Fバスケット、Rキャリア,0.8,,70 100 - 14 37P TL,80 100 - 14 49P TL,シングルディスク,ドラム,04883_1.jpg
HONDA,109cc,2023,8BJ-JA61,スーパーカブ110 PRO,JA59E,JA61 - 1000001 〜,,,1,"1,860",730,"1,065",111,(国内生産）■(STD）C110BNN／BNS／BNT　キャスト、チューブレス　Fバスケット、Rキャリア,0.8,,70 100 - 14 37P TL,80 100 - 14 49P TL,シングルディスク,ドラム,04883_1.jpg
HONDA,109cc,2024,8BJ-JA61,スーパーカブ110 PRO,JA59E,JA61 - 1000001 〜,,,1,"1,860",730,"1,065",111,(国内生産）■(STD）C110BNN／BNS／BNT　キャスト、チューブレス　Fバスケット、Rキャリア,0.8,,70 100 - 14 37P TL,80 100 - 14 49P TL,シングルディスク,ドラム,04883_1.jpg
HONDA,109cc,2025,8BJ-JA61,スーパーカブ110 PRO,JA59E,JA61 - 1000001 〜,,,1,"1,860",730,"1,065",111,(国内生産）■(STD）C110BNN／BNS／BNT　キャスト、チューブレス　Fバスケット、Rキャリア,0.8,,70 100 - 14 37P TL,80 100 - 14 49P TL,シングルディスク,ドラム,04883_1.jpg
HONDA,109cc,2026,8BJ-JA61,スーパーカブ110 PRO,JA59E,JA61 - 1000001 〜,,,1,"1,860",730,"1,065",111,(国内生産）■(STD）C110BNN／BNS／BNT　キャスト、チューブレス　Fバスケット、Rキャリア,0.8,,70 100 - 14 37P TL,80 100 - 14 49P TL,シングルディスク,ドラム,04883_1.jpg
HONDA,109cc,2026,8BH-JA77,スーパーカブ110 PRO Lite,JA76E,JA77 - 1000001 〜,,,1,"1,860",730,"1,065",111,(新基準原付）国内生産　フロントのみABS　■(STD）C110BNZT　キャスト、チューブレス　Fバスケット、Rキャリア,0.8,,70 100 - 14 37P TL,80 100 - 14 49P TL,シングルディスク,ドラム,05331_1.jpg
HONDA,124cc,2018,2BJ-JA48,スーパーカブC125,JA48E,JA48 - 1000001 〜,,,1,"1,915",720,"1,000",110,PGM-FI　C125K,フィルタなし、ストレーナーあり,,70 90 - 17 38P TL,80 90 - 17 44P TL,シングルディスク,ドラム,04455_1.jpg
HONDA,124cc,2019,2BJ-JA48,スーパーカブC125,JA48E,JA48 - 1000001 〜,,,1,"1,915",720,"1,000",110,PGM-FI　C125K,フィルタなし、ストレーナーあり,,70 90 - 17 38P TL,80 90 - 17 44P TL,シングルディスク,ドラム,04455_1.jpg
HONDA,124cc,2020,2BJ-JA48,スーパーカブC125,JA48E,JA48 - 1000001 〜,,,1,"1,915",720,"1,000",110,PGM-FI　C125K,フィルタなし、ストレーナーあり,,70 90 - 17 38P TL,80 90 - 17 44P TL,シングルディスク,ドラム,04455_1.jpg
HONDA,123cc,2022,8BJ-JA58,スーパーカブC125,JA58E,JA58 - 1000001 〜,,,1,"1,915",720,"1,000",110,PGM-FI　ABS,ストレーナー,,70 90 - 17 38P TL,80 90 - 17 50P TL,シングルディスク,ドラム,04685_1.jpg
HONDA,123cc,2023,8BJ-JA58,スーパーカブC125,JA58E,JA58 - 1000001 〜,,,1,"1,915",720,"1,000",110,PGM-FI　ABS,ストレーナー,,70 90 - 17 38P TL,80 90 - 17 50P TL,シングルディスク,ドラム,04685_1.jpg
HONDA,123cc,2024,8BJ-JA71,スーパーカブC125,JA71E,JA71 - 1000001 〜,,,1,"1,915",720,"1,000",110,PGM-FI　ABS,ストレーナーもあり,,70 90 - 17 38P TL,80 90 - 17 50P TL,シングルディスク,ドラム,05171_1.jpg
HONDA,123cc,2025,8BJ-JA71,スーパーカブC125,JA71E,JA71 - 1000001 〜,,,1,"1,915",720,"1,000",110,PGM-FI　ABS,ストレーナーもあり,,70 90 - 17 38P TL,80 90 - 17 50P TL,シングルディスク,ドラム,05171_1.jpg
HONDA,123cc,2026,8BJ-JA71,スーパーカブC125,JA71E,JA71 - 1000001 〜,,,1,"1,915",720,"1,000",110,PGM-FI　ABS,ストレーナーもあり,,70 90 - 17 38P TL,80 90 - 17 50P TL,シングルディスク,ドラム,05171_1.jpg
HONDA,124cc,2019,2BJ-JB02,モンキー125,JB02E,JB02 - 1000001 〜,,,1,"1,710",755,"1,030",105,PGM-FI　■STD・STD ABS,ストレーナー,,120 80 - 12 65J TL,130 80 - 12 69J TL,シングルディスク,ディスク,04431_1.jpg
HONDA,124cc,2020,2BJ-JB02,モンキー125,JB02E,JB02 - 1000001 〜,,,1,"1,710",755,"1,030",105,PGM-FI　■STD・STD ABS,ストレーナー,,120 80 - 12 65J TL,130 80 - 12 69J TL,シングルディスク,ディスク,04431_1.jpg
HONDA,124cc,2021,2BJ-JB02,モンキー125,JB02E,JB02 - 1000001 〜,,,1,"1,710",755,"1,030",105,PGM-FI　■STD・STD ABS,ストレーナー,,120 80 - 12 65J TL,130 80 - 12 69J TL,シングルディスク,ディスク,04431_1.jpg
HONDA,123cc,2021,8BJ-JB03,モンキー125,JB03E,JB03 - 1000001 〜,,,1,"1,710",755,"1,030",104,PGM-FI　ABS,フィルタ、ストレーナーあり,,120 80 - 12 65J TL,130 80 - 12 69J TL,シングルディスク,ディスク,04686_1.jpg
HONDA,123cc,2022,8BJ-JB03,モンキー125,JB03E,JB03 - 1000001 〜,,,1,"1,710",755,"1,030",104,PGM-FI　ABS,フィルタ、ストレーナーあり,,120 80 - 12 65J TL,130 80 - 12 69J TL,シングルディスク,ディスク,04686_1.jpg
HONDA,123cc,2023,8BJ-JB03,モンキー125,JB03E,JB03 - 1000001 〜,,,1,"1,710",755,"1,030",104,PGM-FI　ABS,フィルタ、ストレーナーあり,,120 80 - 12 65J TL,130 80 - 12 69J TL,シングルディスク,ディスク,04686_1.jpg
HONDA,123cc,2024,8BJ-JB03,モンキー125,JB03E,JB03 - 1000001 〜,,,1,"1,710",755,"1,030",104,PGM-FI　ABS,フィルタ、ストレーナーあり,,120 80 - 12 65J TL,130 80 - 12 69J TL,シングルディスク,ディスク,04686_1.jpg
HONDA,123cc,2025,8BJ-JB05,モンキー125,JB05E,JB05 - 1000001 〜,,,1,"1,710",755,"1,030",104,PGM-FI　ABS,オイル量サービスデータより,,120 80 - 12 65J TL,130 80 - 12 69J TL,シングルディスク,ディスク,05206_1.jpg
HONDA,123cc,2026,8BJ-JB05,モンキー125,JB05E,JB05 - 1000001 〜,,,1,"1,710",755,"1,030",104,PGM-FI　ABS,オイル量サービスデータより,,120 80 - 12 65J TL,130 80 - 12 69J TL,シングルディスク,ディスク,05206_1.jpg
HONDA,101cc,1998,BD-JF06,リード100,JF06E,JF06 - 1000001 〜,スクーター125,,1,"1,795",680,"1,060",99,NH100,ー,,100 90 - 10 56J TL,100 90 - 10 56J TL,シングルディスク,ドラム,00475_1.jpg
HONDA,101cc,1999,BD-JF06,リード100,JF06E,JF06 - 1000001 〜,スクーター125,,1,"1,795",680,"1,060",99,NH100,ー,,100 90 - 10 56J TL,100 90 - 10 56J TL,シングルディスク,ドラム,00475_1.jpg
HONDA,101cc,2000,BD-JF06,リード100,JF06E,JF06 - 1000001 〜,スクーター125,,1,"1,795",680,"1,060",99,NH100,ー,,100 90 - 10 56J TL,100 90 - 10 56J TL,シングルディスク,ドラム,00475_1.jpg
HONDA,101cc,2001,BD-JF06,リード100,JF06E,JF06 - 1000001 〜,スクーター125,,1,"1,795",680,"1,060",99,NH100,ー,,100 90 - 10 56J TL,100 90 - 10 56J TL,シングルディスク,ドラム,00475_1.jpg
HONDA,101cc,2002,BD-JF06,リード100,JF06E,JF06 - 1000001 〜,スクーター125,,1,"1,795",680,"1,060",99,NH100,ー,,100 90 - 10 56J TL,100 90 - 10 56J TL,シングルディスク,ドラム,00475_1.jpg
HONDA,107cc,2008,EBJ-JF19,リード110,JF19E,JF19 - 1000001 〜,スクーター125,,1,"1,835",665,"1,125",114,NHX110,0.7,,90 90 - 12 44J TL,100 90 - 10 56J TL,シングルディスク,ドラム,02552_1.jpg
HONDA,107cc,2009,EBJ-JF19,リード110,JF19E,JF19 - 1000001 〜,スクーター125,,1,"1,835",665,"1,125",114,NHX110,0.7,,90 90 - 12 44J TL,100 90 - 10 56J TL,シングルディスク,ドラム,02552_1.jpg
HONDA,107cc,2010,EBJ-JF19,リード110 EX,JF19E,JF19 - 1200001 〜,スクーター125,,1,"1,835",675,"1,125",114,NHX110,0.7,,90 90 - 12 44J TL,100 90 - 10 56J TL,シングルディスク,ドラム,02760_1.jpg
HONDA,124cc,1982,JF01,リード125,JF01E,JF01 - 1000015 〜 1006691,スクーター125,,1,"1,750",645,"1,090",91,(NH125C）■STD,ー,,3.50 - 10 4PR TL,3.50 - 10 4PR TL,ドラム,ドラム,01704_1.jpg
HONDA,124cc,1983,JF01,リード125,JF01E,JF01 - 1000015 〜 1006691,スクーター125,,1,"1,750",645,"1,090",91,(NH125C）■STD,ー,,3.50 - 10 4PR TL,3.50 - 10 4PR TL,ドラム,ドラム,01704_1.jpg
HONDA,124cc,2013,EBJ-JF45,リード125,JF45E,JF45 - 1000001 〜,スクーター125,,1,"1,835",685,"1,125",113,eSP　PGM-FI（NHX125）■STD,0.8,,90 90 - 12 44J TL,100 90 - 10 56J TL,シングルディスク,ドラム,03586_1.jpg
HONDA,124cc,2014,EBJ-JF45,リード125,JF45E,JF45 - 1000001 〜,スクーター125,,1,"1,835",685,"1,125",113,eSP　PGM-FI（NHX125）■STD,0.8,,90 90 - 12 44J TL,100 90 - 10 56J TL,シングルディスク,ドラム,03586_1.jpg
HONDA,124cc,2015,EBJ-JF45,リード125,JF45E,JF45 - 1000001 〜,スクーター125,,1,"1,835",685,"1,125",113,eSP　PGM-FI（NHX125）■STD,0.8,,90 90 - 12 44J TL,100 90 - 10 56J TL,シングルディスク,ドラム,03586_1.jpg
HONDA,124cc,2016,EBJ-JF45,リード125,JF45E,JF45 - 1000001 〜,スクーター125,,1,"1,835",685,"1,125",113,eSP　PGM-FI（NHX125）■STD,0.8,,90 90 - 12 44J TL,100 90 - 10 56J TL,シングルディスク,ドラム,03586_1.jpg
HONDA,124cc,2017,EBJ-JF45,リード125,JF45E,JF45 - 1000001 〜,スクーター125,,1,"1,835",685,"1,125",113,eSP　PGM-FI（NHX125）■STD,0.8,,90 90 - 12 44J TL,100 90 - 10 56J TL,シングルディスク,ドラム,03586_1.jpg
HONDA,124cc,2018,2BJ-JF45,リード125,JF45E,JF45 - 1300001 〜,スクーター125,,1,"1,840",680,"1,130",114,eSP　PGM-FI（NHX125）■STD・Special,0.8,,90 90 - 12 44J TL,100 90 - 10 56J TL,シングルディスク,ドラム,04379_1.jpg
HONDA,124cc,2019,2BJ-JF45,リード125,JF45E,JF45 - 1300001 〜,スクーター125,,1,"1,840",680,"1,130",114,eSP　PGM-FI（NHX125）■STD・Special,0.8,,90 90 - 12 44J TL,100 90 - 10 56J TL,シングルディスク,ドラム,04379_1.jpg
HONDA,124cc,2020,2BJ-JF45,リード125,JF45E,JF45 - 1300001 〜,スクーター125,,1,"1,840",680,"1,130",114,eSP　PGM-FI（NHX125）■STD・Special,0.8,,90 90 - 12 44J TL,100 90 - 10 56J TL,シングルディスク,ドラム,04379_1.jpg
HONDA,124cc,2021,2BJ-JF45,リード125,JF45E,JF45 - 1300001 〜,スクーター125,,1,"1,840",680,"1,130",114,eSP　PGM-FI（NHX125）■STD・Special,0.8,,90 90 - 12 44J TL,100 90 - 10 56J TL,シングルディスク,ドラム,04379_1.jpg
HONDA,249cc,1990,MC22,CBR250RR,MC14E,MC22 - 1000001 〜,,,4,"1,975",675,"1,080",157,■CBR250RR,2.2,,110 70 R 17 54H TL,140 60 R 17 63H TL,Wディスク,ディスク,01377_1.jpg
HONDA,249cc,1991,MC22,CBR250RR,MC14E,MC22 - 1000001 〜,,,4,"1,975",675,"1,080",157,■CBR250RR,2.2,,110 70 R 17 54H TL,140 60 R 17 63H TL,Wディスク,ディスク,01377_1.jpg
HONDA,249cc,1992,MC22,CBR250RR,MC14E,MC22 - 1000001 〜,,,4,"1,975",675,"1,080",157,■CBR250RR,2.2,,110 70 R 17 54H TL,140 60 R 17 63H TL,Wディスク,ディスク,01377_1.jpg
HONDA,249cc,1993,MC22,CBR250RR,MC14E,MC22 - 1000001 〜,,,4,"1,975",675,"1,080",157,■CBR250RR,2.2,,110 70 R 17 54H TL,140 60 R 17 63H TL,Wディスク,ディスク,01377_1.jpg
HONDA,249cc,1994,MC22,CBR250RR,MC14E,MC22 - 1100001 〜,,,4,"1,975",675,"1,080",157,■CBR250RR,2.2,,110 70 R 17 54H TL,140 60 R 17 63H TL,Wディスク,ディスク,00282_1.jpg
HONDA,249cc,1995,MC22,CBR250RR,MC14E,MC22 - 1100001 〜,,,4,"1,975",675,"1,080",157,■CBR250RR,2.2,,110 70 R 17 54H TL,140 60 R 17 63H TL,Wディスク,ディスク,00282_1.jpg
HONDA,249cc,1996,MC22,CBR250RR,MC14E,MC22 - 1100001 〜,,,4,"1,975",675,"1,080",157,■CBR250RR,2.2,,110 70 R 17 54H TL,140 60 R 17 63H TL,Wディスク,ディスク,00282_1.jpg
HONDA,249cc,1997,MC22,CBR250RR,MC14E,MC22 - 1100001 〜,,,4,"1,975",675,"1,080",157,■CBR250RR,2.2,,110 70 R 17 54H TL,140 60 R 17 63H TL,Wディスク,ディスク,00282_1.jpg
HONDA,249cc,1998,MC22,CBR250RR,MC14E,MC22 - 1100001 〜,,,4,"1,975",675,"1,080",157,■CBR250RR,2.2,,110 70 R 17 54H TL,140 60 R 17 63H TL,Wディスク,ディスク,00282_1.jpg
HONDA,249cc,1999,MC22,CBR250RR,MC14E,MC22 - 1100001 〜,,,4,"1,975",675,"1,080",157,■CBR250RR,2.2,,110 70 R 17 54H TL,140 60 R 17 63H TL,Wディスク,ディスク,00282_1.jpg
HONDA,249cc,2017,2BK-MC51,CBR250RR,MC51E,MC51 - 1000001 〜,,,2,"2,065",725,"1,095",165,PGM-FI　■STD・STD ABS,1.9,,110 70 R 17 54H TL,140 70 R 17 66H TL,シングルディスク,ディスク,04271_1.jpg
HONDA,249cc,2018,2BK-MC51,CBR250RR,MC51E,MC51 - 1000001 〜,,,2,"2,065",725,"1,095",165,PGM-FI　■STD・STD ABS,1.9,,110 70 R 17 54H TL,140 70 R 17 66H TL,シングルディスク,ディスク,04271_1.jpg
HONDA,249cc,2019,2BK-MC51,CBR250RR,MC51E,MC51 - 1000001 〜,,,2,"2,065",725,"1,095",165,PGM-FI　■STD・STD ABS,1.9,,110 70 R 17 54H TL,140 70 R 17 66H TL,シングルディスク,ディスク,04271_1.jpg
HONDA,249cc,2020,2BK-MC51,CBR250RR,MC51E,MC51 - 1000001 〜,,,2,"2,065",725,"1,095",165,PGM-FI　■STD・STD ABS,1.9,,110 70 R 17 54H TL,140 70 R 17 66H TL,シングルディスク,ディスク,04271_1.jpg
HONDA,249cc,2021,2BK-MC51,CBR250RR,MC51E,MC51 - 1000001 〜,,,2,"2,065",725,"1,095",165,PGM-FI　■STD・STD ABS,1.9,,110 70 R 17 54H TL,140 70 R 17 66H TL,シングルディスク,ディスク,04271_1.jpg
HONDA,249cc,2022,2BK-MC51,CBR250RR,MC51E,MC51 - 1000001 〜,,,2,"2,065",725,"1,095",165,PGM-FI　■STD・STD ABS,1.9,,110 70 R 17 54H TL,140 70 R 17 66H TL,シングルディスク,ディスク,04271_1.jpg
HONDA,249cc,2023,8BK-MC51,CBR250RR,MC51E,MC51 - 1500001 〜,,,2,"2,065",725,"1,110",168,PGM-FI,1.9,,110 70 R 17 54H TL,140 70 R 17 66H TL,シングルディスク,ディスク,05078_1.jpg
HONDA,249cc,2024,8BK-MC51,CBR250RR,MC51E,MC51 - 1500001 〜,,,2,"2,065",725,"1,110",168,PGM-FI,1.9,,110 70 R 17 54H TL,140 70 R 17 66H TL,シングルディスク,ディスク,05078_1.jpg
HONDA,249cc,2025,8BK-MC51,CBR250RR,MC51E,MC51 - 1500001 〜,,,2,"2,065",725,"1,110",168,PGM-FI,1.9,,110 70 R 17 54H TL,140 70 R 17 66H TL,シングルディスク,ディスク,05078_1.jpg
HONDA,152cc,2012,JBK-KF12,PCX150,KF12E,KF12 - 1000001 〜,スクーター126,,1,"1,915",740,"1,090",129,国内モデル　eSP　PGM-FI　■STD,0.8,,90 90 - 14 46P TL,100 90 - 14 51P TL,シングルディスク,ドラム,03428_1.jpg
HONDA,152cc,2013,JBK-KF12,PCX150,KF12E,KF12 - 1000001 〜,スクーター126,,1,"1,915",740,"1,090",129,国内モデル　eSP　PGM-FI　■STD,0.8,,90 90 - 14 46P TL,100 90 - 14 51P TL,シングルディスク,ドラム,03428_1.jpg
HONDA,152cc,2014,JBK-KF18,PCX150,KF18E,KF18 - 1000001 〜,スクーター126,,1,"1,930",740,"1,100",131,国内モデル　eSP　PGM-FI　■STD・Special Edition,0.8,,90 90 - 14 46P TL,100 90 - 14 51P TL,シングルディスク,ドラム,03674_1.jpg
HONDA,152cc,2015,JBK-KF18,PCX150,KF18E,KF18 - 1000001 〜,スクーター126,,1,"1,930",740,"1,100",131,国内モデル　eSP　PGM-FI　■STD・Special Edition,0.8,,90 90 - 14 46P TL,100 90 - 14 51P TL,シングルディスク,ドラム,03674_1.jpg
HONDA,152cc,2016,JBK-KF18,PCX150,KF18E,KF18 - 1000001 〜,スクーター126,,1,"1,930",740,"1,100",131,国内モデル　eSP　PGM-FI　■STD・Special Edition,0.8,,90 90 - 14 46P TL,100 90 - 14 51P TL,シングルディスク,ドラム,03674_1.jpg
HONDA,152cc,2017,JBK-KF18,PCX150,KF18E,KF18 - 1000001 〜,スクーター126,,1,"1,930",740,"1,100",131,国内モデル　eSP　PGM-FI　■STD・Special Edition,0.8,,90 90 - 14 46P TL,100 90 - 14 51P TL,シングルディスク,ドラム,03674_1.jpg
HONDA,149cc,2018,2BK-KF30,PCX150,KF30E,KF30 - 1000001 〜,スクーター126,,1,"1,925",745,"1,105",131,国内モデル　eSP　PGM-FI　■STD・STD ABS,0.8,,100 80 - 14 48P TL,120 70 - 14 55P TL,シングルディスク,ドラム,04424_1.jpg
HONDA,149cc,2019,2BK-KF30,PCX150,KF30E,KF30 - 1000001 〜,スクーター126,,1,"1,925",745,"1,105",131,国内モデル　eSP　PGM-FI　■STD・STD ABS,0.8,,100 80 - 14 48P TL,120 70 - 14 55P TL,シングルディスク,ドラム,04424_1.jpg
HONDA,149cc,2020,2BK-KF30,PCX150,KF30E,KF30 - 1000001 〜,スクーター126,,1,"1,925",745,"1,105",131,国内モデル　eSP　PGM-FI　■STD・STD ABS,0.8,,100 80 - 14 48P TL,120 70 - 14 55P TL,シングルディスク,ドラム,04424_1.jpg
HONDA,156cc,2021,2BK-KF47,PCX160,KF47E,KF47 - 1000001 〜,スクーター126,,1,"1,935",740,"1,105",132,国内モデル(ベトナム生産）eSP+　PGM-FI　ABS　■STD,0.8,,110 70 - 14 50P TL,130 70 - 13 63P TL,シングルディスク,ディスク,04601_1.jpg
HONDA,156cc,2022,2BK-KF47,PCX160,KF47E,KF47 - 1000001 〜,スクーター126,,1,"1,935",740,"1,105",132,国内モデル(ベトナム生産）eSP+　PGM-FI　ABS　■STD,0.8,,110 70 - 14 50P TL,130 70 - 13 63P TL,シングルディスク,ディスク,04601_1.jpg
HONDA,249cc,1994,MC29,Vツインマグナ,MC15E,MC29 - 1000001 〜 1499999,,,2,"2,315",845,"1,055",183,■モデル名：VT250CR／CV,1.9,,120 80 - 17 61S TL,150 80 - 15 70S TL,シングルディスク,ドラム,00287_1.jpg
HONDA,249cc,1995,MC29,Vツインマグナ,MC15E,MC29 - 1000001 〜 1499999,,,2,"2,315",845,"1,055",183,■モデル名：VT250CR／CV,1.9,,120 80 - 17 61S TL,150 80 - 15 70S TL,シングルディスク,ドラム,00287_1.jpg
HONDA,249cc,1996,MC29,Vツインマグナ,MC15E,MC29 - 1000001 〜 1499999,,,2,"2,315",845,"1,055",183,■モデル名：VT250CR／CV,1.9,,120 80 - 17 61S TL,150 80 - 15 70S TL,シングルディスク,ドラム,00287_1.jpg
HONDA,249cc,1997,MC29,Vツインマグナ,MC15E,MC29 - 1000001 〜 1499999,,,2,"2,315",845,"1,055",183,■モデル名：VT250CR／CV,1.9,,120 80 - 17 61S TL,150 80 - 15 70S TL,シングルディスク,ドラム,00287_1.jpg
HONDA,249cc,1998,MC29,Vツインマグナ,MC15E,MC29 - 1000001 〜 1499999,,,2,"2,315",845,"1,055",183,■モデル名：VT250CR／CV,1.9,,120 80 - 17 61S TL,150 80 - 15 70S TL,シングルディスク,ドラム,00287_1.jpg
HONDA,249cc,1996,MC29,Vツインマグナ,MC15E,MC29 - 1100001 〜 1199999,,,2,"2,315",845,"1,055",184,S　■モデル名：VT250CT,1.9,,120 80 - 17 61S TL,150 80 - 15 70S TL,シングルディスク,ドラム,00288_1.jpg
HONDA,249cc,1997,MC29,Vツインマグナ,MC15E,MC29 - 1100001 〜 1199999,,,2,"2,315",845,"1,055",184,S　■モデル名：VT250CT,1.9,,120 80 - 17 61S TL,150 80 - 15 70S TL,シングルディスク,ドラム,00288_1.jpg
HONDA,249cc,1998,MC29,Vツインマグナ,MC15E,MC29 - 1100001 〜 1199999,,,2,"2,315",845,"1,055",184,S　■モデル名：VT250CT,1.9,,120 80 - 17 61S TL,150 80 - 15 70S TL,シングルディスク,ドラム,00288_1.jpg
HONDA,249cc,1999,BA-MC29,Vツインマグナ,MC15E,MC29 - 1500001 〜,,,2,"2,315",880,"1,065",183,■モデル名：VT250CX／1／3／5／7,1.9,,120 80 - 17 61S TL,150 80 - 15 70S TL,シングルディスク,ドラム,00109_1.jpg
HONDA,249cc,2000,BA-MC29,Vツインマグナ,MC15E,MC29 - 1500001 〜,,,2,"2,315",880,"1,065",183,■モデル名：VT250CX／1／3／5／7,1.9,,120 80 - 17 61S TL,150 80 - 15 70S TL,シングルディスク,ドラム,00109_1.jpg
HONDA,249cc,2001,BA-MC29,Vツインマグナ,MC15E,MC29 - 1500001 〜,,,2,"2,315",880,"1,065",183,■モデル名：VT250CX／1／3／5／7,1.9,,120 80 - 17 61S TL,150 80 - 15 70S TL,シングルディスク,ドラム,00109_1.jpg
HONDA,249cc,2002,BA-MC29,Vツインマグナ,MC15E,MC29 - 1500001 〜,,,2,"2,315",880,"1,065",183,■モデル名：VT250CX／1／3／5／7,1.9,,120 80 - 17 61S TL,150 80 - 15 70S TL,シングルディスク,ドラム,00109_1.jpg
HONDA,249cc,2003,BA-MC29,Vツインマグナ,MC15E,MC29 - 1500001 〜,,,2,"2,315",880,"1,065",183,■モデル名：VT250CX／1／3／5／7,1.9,,120 80 - 17 61S TL,150 80 - 15 70S TL,シングルディスク,ドラム,00109_1.jpg
HONDA,249cc,2004,BA-MC29,Vツインマグナ,MC15E,MC29 - 1500001 〜,,,2,"2,315",880,"1,065",183,■モデル名：VT250CX／1／3／5／7,1.9,,120 80 - 17 61S TL,150 80 - 15 70S TL,シングルディスク,ドラム,00109_1.jpg
HONDA,249cc,2005,BA-MC29,Vツインマグナ,MC15E,MC29 - 1500001 〜,,,2,"2,315",880,"1,065",183,■モデル名：VT250CX／1／3／5／7,1.9,,120 80 - 17 61S TL,150 80 - 15 70S TL,シングルディスク,ドラム,00109_1.jpg
HONDA,249cc,2006,BA-MC29,Vツインマグナ,MC15E,MC29 - 1500001 〜,,,2,"2,315",880,"1,065",183,■モデル名：VT250CX／1／3／5／7,1.9,,120 80 - 17 61S TL,150 80 - 15 70S TL,シングルディスク,ドラム,00109_1.jpg
HONDA,249cc,2007,BA-MC29,Vツインマグナ,MC15E,MC29 - 1500001 〜,,,2,"2,315",880,"1,065",183,■モデル名：VT250CX／1／3／5／7,1.9,,120 80 - 17 61S TL,150 80 - 15 70S TL,シングルディスク,ドラム,00109_1.jpg
HONDA,249cc,2000,BA-MF06,フォルツァ FORZA,MF04E,MF06 - 1000001 〜 1399999,スクーター126,,1,"2,210",760,"1,360",177,(S）ABS,1.1,,110 90 - 13 55P TL,130 70 - 12 56L TL,シングルディスク,ディスク,00118_1.jpg
HONDA,249cc,2001,BA-MF06,フォルツァ FORZA,MF04E,MF06 - 1000001 〜 1399999,スクーター126,,1,"2,210",760,"1,360",177,(S）ABS,1.1,,110 90 - 13 55P TL,130 70 - 12 56L TL,シングルディスク,ディスク,00118_1.jpg
HONDA,249cc,2002,BA-MF06,フォルツァ FORZA,MF04E,MF06 - 1000001 〜 1399999,スクーター126,,1,"2,210",760,"1,360",177,(S）ABS,1.1,,110 90 - 13 55P TL,130 70 - 12 56L TL,シングルディスク,ディスク,00118_1.jpg
HONDA,249cc,2003,BA-MF06,フォルツァ FORZA,MF04E,MF06 - 1000001 〜 1399999,スクーター126,,1,"2,210",760,"1,360",177,(S）ABS,1.1,,110 90 - 13 55P TL,130 70 - 12 56L TL,シングルディスク,ディスク,00118_1.jpg
HONDA,249cc,2001,BA-MF06,フォルツァ FORZA,MF04E,MF06 - 1100001 〜 1299999,スクーター126,,1,"2,325",760,"1,360",181,(ST）ABS,1.1,,110 90 - 13 55P TL,130 70 - 12 56L TL,シングルディスク,ディスク,01173_1.jpg
HONDA,249cc,2002,BA-MF06,フォルツァ FORZA,MF04E,MF06 - 1100001 〜 1299999,スクーター126,,1,"2,325",760,"1,360",181,(ST）ABS,1.1,,110 90 - 13 55P TL,130 70 - 12 56L TL,シングルディスク,ディスク,01173_1.jpg
HONDA,249cc,2000,BA-MF06,フォルツァ FORZA,MF04E,MF06 - 1000001 〜 1399999,スクーター126,,1,"2,210",790,"1,360",172,STD・TypeX,1.1,,110 90 - 13 55P TL,130 70 - 12 56L TL,シングルディスク,ディスク,00117_1.jpg
HONDA,249cc,2001,BA-MF06,フォルツァ FORZA,MF04E,MF06 - 1000001 〜 1399999,スクーター126,,1,"2,210",790,"1,360",172,STD・TypeX,1.1,,110 90 - 13 55P TL,130 70 - 12 56L TL,シングルディスク,ディスク,00117_1.jpg
HONDA,249cc,2002,BA-MF06,フォルツァ FORZA,MF04E,MF06 - 1000001 〜 1399999,スクーター126,,1,"2,210",790,"1,360",172,STD・TypeX,1.1,,110 90 - 13 55P TL,130 70 - 12 56L TL,シングルディスク,ディスク,00117_1.jpg
HONDA,249cc,2003,BA-MF06,フォルツァ FORZA,MF04E,MF06 - 1000001 〜 1399999,スクーター126,,1,"2,210",790,"1,360",172,STD・TypeX,1.1,,110 90 - 13 55P TL,130 70 - 12 56L TL,シングルディスク,ディスク,00117_1.jpg
HONDA,249cc,2001,BA-MF06,フォルツァ FORZA,MF04E,MF06 - 1100001 〜 1299999,スクーター126,,1,"2,325",760,"1,360",176,(T）ABS,1.1,,110 90 - 13 55P TL,130 70 - 12 56L TL,シングルディスク,ディスク,01174_1.jpg
HONDA,249cc,2002,BA-MF06,フォルツァ FORZA,MF04E,MF06 - 1100001 〜 1299999,スクーター126,,1,"2,325",760,"1,360",176,(T）ABS,1.1,,110 90 - 13 55P TL,130 70 - 12 56L TL,シングルディスク,ディスク,01174_1.jpg
HONDA,248cc,2018,2BK-MF13,フォルツァ FORZA,MF13E,MF13 - 1000001 〜,スクーター126,,1,"2,140",750,"1,355",184,PGM-FI　ABS　■STD,1.2,,120 70 - 15 56P TL,140 70 - 14 62P TL,シングルディスク,ディスク,04432_1.jpg
HONDA,248cc,2019,2BK-MF13,フォルツァ FORZA,MF13E,MF13 - 1000001 〜,スクーター126,,1,"2,140",750,"1,355",184,PGM-FI　ABS　■STD,1.2,,120 70 - 15 56P TL,140 70 - 14 62P TL,シングルディスク,ディスク,04432_1.jpg
HONDA,248cc,2020,2BK-MF13,フォルツァ FORZA,MF13E,MF13 - 1000001 〜,スクーター126,,1,"2,140",750,"1,355",184,PGM-FI　ABS　■STD,1.2,,120 70 - 15 56P TL,140 70 - 14 62P TL,シングルディスク,ディスク,04432_1.jpg
HONDA,249cc,2021,2BK-MF15,フォルツァ FORZA,MF15E,MF15 - 1000001 〜,スクーター126,,1,"2,145",750,"1,360",186,eSP+  PGM-FI　ABS　■STD,1.3,,120 70 - 15 56P TL,140 70 - 14 62P TL,シングルディスク,ディスク,04611_1.jpg
HONDA,249cc,2022,2BK-MF15,フォルツァ FORZA,MF15E,MF15 - 1000001 〜,スクーター126,,1,"2,145",750,"1,360",186,eSP+  PGM-FI　ABS　■STD,1.3,,120 70 - 15 56P TL,140 70 - 14 62P TL,シングルディスク,ディスク,04611_1.jpg
HONDA,249cc,2023,8BK-MF17,フォルツァ FORZA,MF17E,MF17 - 1000001 〜,スクーター126,,1,"2,145",750,"1,360",186,PGM-FI　ABS　■STD,1.3,,120 70 - 15 56P TL,140 70 - 14 62P TL,シングルディスク,ディスク,05071_1.jpg
HONDA,249cc,2024,8BK-MF17,フォルツァ FORZA,MF17E,MF17 - 1000001 〜,スクーター126,,1,"2,145",750,"1,360",186,PGM-FI　ABS　■STD,1.3,,120 70 - 15 56P TL,140 70 - 14 62P TL,シングルディスク,ディスク,05071_1.jpg
HONDA,249cc,2025,8BK-MF17,フォルツァ FORZA,MF17E,MF17 - 1000001 〜,スクーター126,,1,"2,145",750,"1,360",186,PGM-FI　ABS　■STD,1.3,,120 70 - 15 56P TL,140 70 - 14 62P TL,シングルディスク,ディスク,05071_1.jpg
HONDA,248cc,2013,JBK-MF12,フォルツァSi,MF12E,MF12 - 1000001 〜,スクーター126,,1,"2,165",755,"1,185",192,PGM-FI　■STD・STD ABS,1.2,,120 70 - 14 55P TL,140 70 - 13 61P TL,シングルディスク,ディスク,03582_1.jpg
HONDA,248cc,2014,JBK-MF12,フォルツァSi,MF12E,MF12 - 1000001 〜,スクーター126,,1,"2,165",755,"1,185",192,PGM-FI　■STD・STD ABS,1.2,,120 70 - 14 55P TL,140 70 - 13 61P TL,シングルディスク,ディスク,03582_1.jpg
HONDA,248cc,2015,JBK-MF12,フォルツァSi,MF12E,MF12 - 1000001 〜,スクーター126,,1,"2,165",755,"1,185",192,PGM-FI　■STD・STD ABS,1.2,,120 70 - 14 55P TL,140 70 - 13 61P TL,シングルディスク,ディスク,03582_1.jpg
HONDA,248cc,2016,JBK-MF12,フォルツァSi,MF12E,MF12 - 1000001 〜,スクーター126,,1,"2,165",755,"1,185",192,PGM-FI　■STD・STD ABS,1.2,,120 70 - 14 55P TL,140 70 - 13 61P TL,シングルディスク,ディスク,03582_1.jpg
HONDA,249cc,2004,BA-MF08,フォルツァX,MF08E,MF08 - 1000001 〜,スクーター126,,1,"2,165",760,"1,180",185,PGM-FI　■STD,0.9,,110 90 - 13 55P TL,130 70 - 12 56L TL,シングルディスク,ディスク,02064_1.jpg
HONDA,249cc,2005,BA-MF08,フォルツァX,MF08E,MF08 - 1000001 〜,スクーター126,,1,"2,165",760,"1,180",185,PGM-FI　■STD,0.9,,110 90 - 13 55P TL,130 70 - 12 56L TL,シングルディスク,ディスク,02064_1.jpg
HONDA,249cc,2006,BA-MF08,フォルツァX,MF08E,MF08 - 1000001 〜,スクーター126,,1,"2,165",760,"1,180",185,PGM-FI　■STD,0.9,,110 90 - 13 55P TL,130 70 - 12 56L TL,シングルディスク,ディスク,02064_1.jpg
HONDA,249cc,2007,BA-MF08,フォルツァX,MF08E,MF08 - 1000001 〜,スクーター126,,1,"2,165",760,"1,180",185,PGM-FI　■STD,0.9,,110 90 - 13 55P TL,130 70 - 12 56L TL,シングルディスク,ディスク,02064_1.jpg
HONDA,248cc,2008,JBK-MF10,フォルツァX,MF10E,MF10 - 1000001 〜 1199999,スクーター126,,1,"2,185",750,"1,180",196,PGM-FI　■STD,1.3,,110 90 - 13 55P TL,140 70 - 13 61P TL,シングルディスク,ディスク,02581_1.jpg
HONDA,248cc,2009,JBK-MF10,フォルツァX,MF10E,MF10 - 1000001 〜 1199999,スクーター126,,1,"2,185",750,"1,180",196,PGM-FI　■STD,1.3,,110 90 - 13 55P TL,140 70 - 13 61P TL,シングルディスク,ディスク,02581_1.jpg
HONDA,249cc,2004,BA-MF08,フォルツァZ,MF08E,MF08 - 1000001 〜,スクーター126,,1,"2,165",755,"1,180",188,PGM-FI　■STD・STD ABS,0.9,,110 90 - 13 55P TL,130 70 - 12 56L TL,シングルディスク,ディスク,02065_1.jpg
HONDA,249cc,2005,BA-MF08,フォルツァZ,MF08E,MF08 - 1000001 〜,スクーター126,,1,"2,165",755,"1,180",188,PGM-FI　■STD・STD ABS,0.9,,110 90 - 13 55P TL,130 70 - 12 56L TL,シングルディスク,ディスク,02065_1.jpg
HONDA,249cc,2006,BA-MF08,フォルツァZ,MF08E,MF08 - 1000001 〜,スクーター126,,1,"2,165",755,"1,180",188,PGM-FI　■STD・STD ABS,0.9,,110 90 - 13 55P TL,130 70 - 12 56L TL,シングルディスク,ディスク,02065_1.jpg
HONDA,249cc,2007,BA-MF08,フォルツァZ,MF08E,MF08 - 1000001 〜,スクーター126,,1,"2,165",755,"1,180",188,PGM-FI　■STD・STD ABS,0.9,,110 90 - 13 55P TL,130 70 - 12 56L TL,シングルディスク,ディスク,02065_1.jpg
HONDA,248cc,2008,JBK-MF10,フォルツァZ,MF10E,MF10 - 1000001 〜 1199999,スクーター126,,1,"2,185",750,"1,180",201,PGM-FI　■STD・STD ABS・Audio Package/ABS,1.3,,110 90 - 13 55P TL,140 70 - 13 61P TL,シングルディスク,ディスク,02537_1.jpg
HONDA,248cc,2009,JBK-MF10,フォルツァZ,MF10E,MF10 - 1000001 〜 1199999,スクーター126,,1,"2,185",750,"1,180",201,PGM-FI　■STD・STD ABS・Audio Package/ABS,1.3,,110 90 - 13 55P TL,140 70 - 13 61P TL,シングルディスク,ディスク,02537_1.jpg
HONDA,248cc,2010,JBK-MF10,フォルツァZ,MF10E,MF10 - 1200001 〜,スクーター126,,1,"2,185",750,"1,175",201,PGM-FI　■STD・STD ABS・Audio Package/ABS・Secial Edition ABS,1.3,,110 90 - 13 55P TL,140 70 - 13 61P TL,シングルディスク,ディスク,02748_1.jpg
HONDA,248cc,2011,JBK-MF10,フォルツァZ,MF10E,MF10 - 1200001 〜,スクーター126,,1,"2,185",750,"1,175",201,PGM-FI　■STD・STD ABS・Audio Package/ABS・Secial Edition ABS,1.3,,110 90 - 13 55P TL,140 70 - 13 61P TL,シングルディスク,ディスク,02748_1.jpg
HONDA,248cc,2012,JBK-MF10,フォルツァZ,MF10E,MF10 - 1200001 〜,スクーター126,,1,"2,185",750,"1,175",201,PGM-FI　■STD・STD ABS・Audio Package/ABS・Secial Edition ABS,1.3,,110 90 - 13 55P TL,140 70 - 13 61P TL,シングルディスク,ディスク,02748_1.jpg
HONDA,248cc,2013,JBK-MF10,フォルツァZ,MF10E,MF10 - 1200001 〜,スクーター126,,1,"2,185",750,"1,175",201,PGM-FI　■STD・STD ABS・Audio Package/ABS・Secial Edition ABS,1.3,,110 90 - 13 55P TL,140 70 - 13 61P TL,シングルディスク,ディスク,02748_1.jpg
HONDA,248cc,2014,JBK-MF10,フォルツァZ,MF10E,MF10 - 1200001 〜,スクーター126,,1,"2,185",750,"1,175",201,PGM-FI　■STD・STD ABS・Audio Package/ABS・Secial Edition ABS,1.3,,110 90 - 13 55P TL,140 70 - 13 61P TL,シングルディスク,ディスク,02748_1.jpg
HONDA,248cc,2015,JBK-MF10,フォルツァZ,MF10E,MF10 - 1200001 〜,スクーター126,,1,"2,185",750,"1,175",201,PGM-FI　■STD・STD ABS・Audio Package/ABS・Secial Edition ABS,1.3,,110 90 - 13 55P TL,140 70 - 13 61P TL,シングルディスク,ディスク,02748_1.jpg
HONDA,248cc,2016,JBK-MF10,フォルツァZ,MF10E,MF10 - 1200001 〜,スクーター126,,1,"2,185",750,"1,175",201,PGM-FI　■STD・STD ABS・Audio Package/ABS・Secial Edition ABS,1.3,,110 90 - 13 55P TL,140 70 - 13 61P TL,シングルディスク,ディスク,02748_1.jpg
HONDA,249cc,1997,MF04,フォーサイト,MF04E,MF04 - 1000001 〜,スクーター126,,1,"2,070",735,"1,410",162,■モデル名：FES250V／W,1.1,,110 90 - 12 64J TL,130 70 - 12 59J TL,シングルディスク,ドラム,00301_1.jpg
HONDA,249cc,1998,MF04,フォーサイト,MF04E,MF04 - 1000001 〜,スクーター126,,1,"2,070",735,"1,410",162,■モデル名：FES250V／W,1.1,,110 90 - 12 64J TL,130 70 - 12 59J TL,シングルディスク,ドラム,00301_1.jpg
HONDA,249cc,1999,BA-MF04,フォーサイト,MF04E,MF04 - 1200001 〜,スクーター126,,1,"2,070",735,"1,410",165,リアドラム　■モデル名：FES250X,1.1,,110 90 - 12 64J TL,130 70 - 12 56L TL,シングルディスク,ドラム,00114_1.jpg
HONDA,249cc,2000,BA-MF04,フォーサイト,MF04E,MF04 - 1200001 〜,スクーター126,,1,"2,070",735,"1,410",165,リアドラム　■モデル名：FES250X,1.1,,110 90 - 12 64J TL,130 70 - 12 56L TL,シングルディスク,ドラム,00114_1.jpg
HONDA,249cc,2001,BA-MF04,フォーサイト,MF04E,MF04 - 1200001 〜,スクーター126,,1,"2,070",735,"1,410",165,リアドラム　■モデル名：FES250X,1.1,,110 90 - 12 64J TL,130 70 - 12 56L TL,シングルディスク,ドラム,00114_1.jpg
HONDA,249cc,2002,BA-MF04,フォーサイト,MF04E,MF04 - 1200001 〜,スクーター126,,1,"2,070",735,"1,410",165,リアドラム　■モデル名：FES250X,1.1,,110 90 - 12 64J TL,130 70 - 12 56L TL,シングルディスク,ドラム,00114_1.jpg
HONDA,249cc,2003,BA-MF04,フォーサイトEX,MF04E,MF04 - 1300001 〜,スクーター126,,1,"2,070",735,"1,410",167,■モデル名：FES250SE3／5-,1.1,,110 90 - 12 64J TL,130 70 - 12 56L TL,シングルディスク,ディスク,01171_1.jpg
HONDA,249cc,2004,BA-MF04,フォーサイトEX,MF04E,MF04 - 1300001 〜,スクーター126,,1,"2,070",735,"1,410",167,■モデル名：FES250SE3／5-,1.1,,110 90 - 12 64J TL,130 70 - 12 56L TL,シングルディスク,ディスク,01171_1.jpg
HONDA,249cc,2005,BA-MF04,フォーサイトEX,MF04E,MF04 - 1300001 〜,スクーター126,,1,"2,070",735,"1,410",167,■モデル名：FES250SE3／5-,1.1,,110 90 - 12 64J TL,130 70 - 12 56L TL,シングルディスク,ディスク,01171_1.jpg
HONDA,249cc,2006,BA-MF04,フォーサイトEX,MF04E,MF04 - 1300001 〜,スクーター126,,1,"2,070",735,"1,410",167,■モデル名：FES250SE3／5-,1.1,,110 90 - 12 64J TL,130 70 - 12 56L TL,シングルディスク,ディスク,01171_1.jpg
HONDA,249cc,2007,BA-MF04,フォーサイトEX,MF04E,MF04 - 1300001 〜,スクーター126,,1,"2,070",735,"1,410",167,■モデル名：FES250SE3／5-,1.1,,110 90 - 12 64J TL,130 70 - 12 56L TL,シングルディスク,ディスク,01171_1.jpg
HONDA,249cc,1999,BA-MF04,フォーサイトSE,MF04E,MF04 - 1200001 〜,スクーター126,,1,"2,185",735,"1,410",172,リアディスク　■モデル名：FES250SEX,1.1,,110 90 - 12 64J TL,130 70 - 12 56L TL,シングルディスク,ディスク,00115_1.jpg
HONDA,249cc,2000,BA-MF04,フォーサイトSE,MF04E,MF04 - 1200001 〜,スクーター126,,1,"2,185",735,"1,410",172,リアディスク　■モデル名：FES250SEX,1.1,,110 90 - 12 64J TL,130 70 - 12 56L TL,シングルディスク,ディスク,00115_1.jpg
HONDA,233cc,1985,MC13,レブル,MC06E,MC13 - 1000001 〜 1402890,,,2,"2,115",815,"1,100",148,プルバックハンドル/(88-)フラットバー仕様追加　STD・スペシャル　■モデル名：CA250TF／H／J,1.5,,3.00 - 18 4PR WT,130 90 - 15 66P WT,シングルディスク,ドラム,01649_1.jpg
HONDA,233cc,1986,MC13,レブル,MC06E,MC13 - 1000001 〜 1402890,,,2,"2,115",815,"1,100",148,プルバックハンドル/(88-)フラットバー仕様追加　STD・スペシャル　■モデル名：CA250TF／H／J,1.5,,3.00 - 18 4PR WT,130 90 - 15 66P WT,シングルディスク,ドラム,01649_1.jpg
HONDA,233cc,1987,MC13,レブル,MC06E,MC13 - 1000001 〜 1402890,,,2,"2,115",815,"1,100",148,プルバックハンドル/(88-)フラットバー仕様追加　STD・スペシャル　■モデル名：CA250TF／H／J,1.5,,3.00 - 18 4PR WT,130 90 - 15 66P WT,シングルディスク,ドラム,01649_1.jpg
HONDA,233cc,1988,MC13,レブル,MC06E,MC13 - 1000001 〜 1402890,,,2,"2,115",815,"1,100",148,プルバックハンドル/(88-)フラットバー仕様追加　STD・スペシャル　■モデル名：CA250TF／H／J,1.5,,3.00 - 18 4PR WT,130 90 - 15 66P WT,シングルディスク,ドラム,01649_1.jpg
HONDA,233cc,1989,MC13,レブル,MC06E,MC13 - 1000001 〜 1402890,,,2,"2,115",815,"1,100",148,プルバックハンドル/(88-)フラットバー仕様追加　STD・スペシャル　■モデル名：CA250TF／H／J,1.5,,3.00 - 18 4PR WT,130 90 - 15 66P WT,シングルディスク,ドラム,01649_1.jpg
HONDA,233cc,1990,MC13,レブル,MC06E,MC13 - 1500001 〜,,,2,"2,125",815,"1,100",152,プルバックハンドル/フラットバー　■モデル名：CA250TL／N／P,1.6,,3.00 - 18 4PR WT,130 90 - 15 66P WT,シングルディスク,ドラム,01355_1.jpg
HONDA,233cc,1991,MC13,レブル,MC06E,MC13 - 1500001 〜,,,2,"2,125",815,"1,100",152,プルバックハンドル/フラットバー　■モデル名：CA250TL／N／P,1.6,,3.00 - 18 4PR WT,130 90 - 15 66P WT,シングルディスク,ドラム,01355_1.jpg
HONDA,233cc,1992,MC13,レブル,MC06E,MC13 - 1500001 〜,,,2,"2,125",815,"1,100",152,プルバックハンドル/フラットバー　■モデル名：CA250TL／N／P,1.6,,3.00 - 18 4PR WT,130 90 - 15 66P WT,シングルディスク,ドラム,01355_1.jpg
HONDA,233cc,1993,MC13,レブル,MC06E,MC13 - 1500001 〜,,,2,"2,125",815,"1,100",152,プルバックハンドル/フラットバー　■モデル名：CA250TL／N／P,1.6,,3.00 - 18 4PR WT,130 90 - 15 66P WT,シングルディスク,ドラム,01355_1.jpg
HONDA,233cc,1994,MC13,レブル,MC06E,MC13 - 1800001 〜,,,2,"2,125",860,"1,080",154,ワイドハンドル　■モデル名：CA250TR,1.6,,3.00 - 18 4PR WT,130 90 - 15 66P WT,シングルディスク,ドラム,00281_1.jpg
HONDA,233cc,1995,MC13,レブル,MC06E,MC13 - 1800001 〜,,,2,"2,125",860,"1,080",154,ワイドハンドル　■モデル名：CA250TR,1.6,,3.00 - 18 4PR WT,130 90 - 15 66P WT,シングルディスク,ドラム,00281_1.jpg
HONDA,233cc,1996,MC13,レブル,MC06E,MC13 - 1800001 〜,,,2,"2,125",860,"1,080",154,ワイドハンドル　■モデル名：CA250TR,1.6,,3.00 - 18 4PR WT,130 90 - 15 66P WT,シングルディスク,ドラム,00281_1.jpg
HONDA,233cc,1997,MC13,レブル,MC06E,MC13 - 1800001 〜,,,2,"2,125",860,"1,080",154,ワイドハンドル　■モデル名：CA250TR,1.6,,3.00 - 18 4PR WT,130 90 - 15 66P WT,シングルディスク,ドラム,00281_1.jpg
HONDA,233cc,1998,MC13,レブル,MC06E,MC13 - 1800001 〜,,,2,"2,125",860,"1,080",154,ワイドハンドル　■モデル名：CA250TR,1.6,,3.00 - 18 4PR WT,130 90 - 15 66P WT,シングルディスク,ドラム,00281_1.jpg
HONDA,233cc,1999,MC13,レブル,MC06E,MC13 - 1800001 〜,,,2,"2,125",860,"1,080",154,ワイドハンドル　■モデル名：CA250TR,1.6,,3.00 - 18 4PR WT,130 90 - 15 66P WT,シングルディスク,ドラム,00281_1.jpg
HONDA,249cc,2017,2BK-MC49,レブル,MC49E,MC49 - 1000001 〜,,,1,"2,190",820,"1,090",168,PGM-FI　■STD・STD ABS,1.4,,130 90 - 16 67H TL,150 80 - 16 71H TL,シングルディスク,ディスク,04273_1.jpg
HONDA,249cc,2018,2BK-MC49,レブル,MC49E,MC49 - 1000001 〜,,,1,"2,190",820,"1,090",168,PGM-FI　■STD・STD ABS,1.4,,130 90 - 16 67H TL,150 80 - 16 71H TL,シングルディスク,ディスク,04273_1.jpg
HONDA,249cc,2019,2BK-MC49,レブル,MC49E,MC49 - 1000001 〜,,,1,"2,190",820,"1,090",168,PGM-FI　■STD・STD ABS,1.4,,130 90 - 16 67H TL,150 80 - 16 71H TL,シングルディスク,ディスク,04273_1.jpg
HONDA,249cc,2020,2BK-MC49,レブル,MC49E,MC49 - 1200001 〜,,,1,"2,205",820,"1,090",170,PGM-FI　ABS　■STD・S Edition ヘッドライトカウル,1.4,,130 90 - 16 67H TL,150 80 - 16 71H TL,シングルディスク,ディスク,04517_1.jpg
HONDA,249cc,2021,2BK-MC49,レブル,MC49E,MC49 - 1200001 〜,,,1,"2,205",820,"1,090",170,PGM-FI　ABS　■STD・S Edition ヘッドライトカウル,1.4,,130 90 - 16 67H TL,150 80 - 16 71H TL,シングルディスク,ディスク,04517_1.jpg
HONDA,249cc,2022,2BK-MC49,レブル,MC49E,MC49 - 1200001 〜,,,1,"2,205",820,"1,090",170,PGM-FI　ABS　■STD・S Edition ヘッドライトカウル,1.4,,130 90 - 16 67H TL,150 80 - 16 71H TL,シングルディスク,ディスク,04517_1.jpg
HONDA,249cc,2023,8BK-MC49,レブル,MC49E,MC49 - 1400001 〜,,,1,"2,205",820,"1,090",171,PGM-FI　ABS　■STD・S Edition(ヘッドライトカウル)・E-Clutch,1.4,,130 90 - 16 67H TL,150 80 - 16 71H TL,シングルディスク,ディスク,04999_1.jpg
HONDA,249cc,2024,8BK-MC49,レブル,MC49E,MC49 - 1400001 〜,,,1,"2,205",820,"1,090",171,PGM-FI　ABS　■STD・S Edition(ヘッドライトカウル)・E-Clutch,1.4,,130 90 - 16 67H TL,150 80 - 16 71H TL,シングルディスク,ディスク,04999_1.jpg
HONDA,249cc,2025,8BK-MC49,レブル,MC49E,MC49 - 1400001 〜,,,1,"2,205",820,"1,090",171,PGM-FI　ABS　■STD・S Edition(ヘッドライトカウル)・E-Clutch,1.4,,130 90 - 16 67H TL,150 80 - 16 71H TL,シングルディスク,ディスク,04999_1.jpg
HONDA,399cc,2005,BC-NC39,CB400 SUPER BOLD’OR,NC23E,NC39 - 1100001 〜,,,4,"2,040",725,"1,115",195,ハイパーVTEC Revo　■STD,3,,120 60 ZR 17 55W TL,160 60 ZR 17 69W TL,Wディスク,ディスク,02102_1.jpg
HONDA,399cc,2006,BC-NC39,CB400 SUPER BOLD’OR,NC23E,NC39 - 1100001 〜,,,4,"2,040",725,"1,115",195,ハイパーVTEC Revo　■STD,3,,120 60 ZR 17 55W TL,160 60 ZR 17 69W TL,Wディスク,ディスク,02102_1.jpg
HONDA,399cc,2007,BC-NC39,CB400 SUPER BOLD’OR,NC23E,NC39 - 1100001 〜,,,4,"2,040",725,"1,115",195,ハイパーVTEC Revo　■STD,3,,120 60 ZR 17 55W TL,160 60 ZR 17 69W TL,Wディスク,ディスク,02102_1.jpg
HONDA,399cc,2008,EBL-NC42,CB400 SUPER BOLD’OR,NC42E,NC42 - 1000001 〜 1599999,,,4,"2,040",725,"1,155",198,PGM-FI　■STD・STD ABS・Special Edition・Special Edition ABS・PROJECT BIG-1(誕生20周年),3,,120 60 ZR 17 55W TL,160 60 ZR 17 69W TL,Wディスク,ディスク,02550_1.jpg
HONDA,399cc,2009,EBL-NC42,CB400 SUPER BOLD’OR,NC42E,NC42 - 1000001 〜 1599999,,,4,"2,040",725,"1,155",198,PGM-FI　■STD・STD ABS・Special Edition・Special Edition ABS・PROJECT BIG-1(誕生20周年),3,,120 60 ZR 17 55W TL,160 60 ZR 17 69W TL,Wディスク,ディスク,02550_1.jpg
HONDA,399cc,2010,EBL-NC42,CB400 SUPER BOLD’OR,NC42E,NC42 - 1000001 〜 1599999,,,4,"2,040",725,"1,155",198,PGM-FI　■STD・STD ABS・Special Edition・Special Edition ABS・PROJECT BIG-1(誕生20周年),3,,120 60 ZR 17 55W TL,160 60 ZR 17 69W TL,Wディスク,ディスク,02550_1.jpg
HONDA,399cc,2011,EBL-NC42,CB400 SUPER BOLD’OR,NC42E,NC42 - 1000001 〜 1599999,,,4,"2,040",725,"1,155",198,PGM-FI　■STD・STD ABS・Special Edition・Special Edition ABS・PROJECT BIG-1(誕生20周年),3,,120 60 ZR 17 55W TL,160 60 ZR 17 69W TL,Wディスク,ディスク,02550_1.jpg
HONDA,399cc,2012,EBL-NC42,CB400 SUPER BOLD’OR,NC42E,NC42 - 1000001 〜 1599999,,,4,"2,040",725,"1,155",198,PGM-FI　■STD・STD ABS・Special Edition・Special Edition ABS・PROJECT BIG-1(誕生20周年),3,,120 60 ZR 17 55W TL,160 60 ZR 17 69W TL,Wディスク,ディスク,02550_1.jpg
HONDA,399cc,2013,EBL-NC42,CB400 SUPER BOLD’OR,NC42E,NC42 - 1000001 〜 1599999,,,4,"2,040",725,"1,155",198,PGM-FI　■STD・STD ABS・Special Edition・Special Edition ABS・PROJECT BIG-1(誕生20周年),3,,120 60 ZR 17 55W TL,160 60 ZR 17 69W TL,Wディスク,ディスク,02550_1.jpg
HONDA,399cc,2014,EBL-NC42,CB400 SUPER BOLD’OR,NC42E,NC42 - 1600001 〜 1899999,,,4,"2,080",725,"1,160",203,ハイパーVTEC Revo　PGM-FI　■STD・STD ABS・Secial Edition ABS・E-Package ABS,3,,120 60 ZR 17 55W TL,160 60 ZR 17 69W TL,Wディスク,ディスク,03668_1.jpg
HONDA,399cc,2015,EBL-NC42,CB400 SUPER BOLD’OR,NC42E,NC42 - 1600001 〜 1899999,,,4,"2,080",725,"1,160",203,ハイパーVTEC Revo　PGM-FI　■STD・STD ABS・Secial Edition ABS・E-Package ABS,3,,120 60 ZR 17 55W TL,160 60 ZR 17 69W TL,Wディスク,ディスク,03668_1.jpg
HONDA,399cc,2016,EBL-NC42,CB400 SUPER BOLD’OR,NC42E,NC42 - 1600001 〜 1899999,,,4,"2,080",725,"1,160",203,ハイパーVTEC Revo　PGM-FI　■STD・STD ABS・Secial Edition ABS・E-Package ABS,3,,120 60 ZR 17 55W TL,160 60 ZR 17 69W TL,Wディスク,ディスク,03668_1.jpg
HONDA,399cc,2017,EBL-NC42,CB400 SUPER BOLD’OR,NC42E,NC42 - 1600001 〜 1899999,,,4,"2,080",725,"1,160",203,ハイパーVTEC Revo　PGM-FI　■STD・STD ABS・Secial Edition ABS・E-Package ABS,3,,120 60 ZR 17 55W TL,160 60 ZR 17 69W TL,Wディスク,ディスク,03668_1.jpg
HONDA,399cc,2018,2BL-NC42,CB400 SUPER BOLD’OR,NC42E,NC42 - 1900001 〜,,,4,"2,080",745,"1,160",205,ハイパーVTEC Revo　PGM-FI　ABS　■STD・E-Package,3,,120 60 ZR 17 55W TL,160 60 ZR 17 69W TL,Wディスク,ディスク,04330_1.jpg
HONDA,399cc,2019,2BL-NC42,CB400 SUPER BOLD’OR,NC42E,NC42 - 1900001 〜,,,4,"2,080",745,"1,160",205,ハイパーVTEC Revo　PGM-FI　ABS　■STD・E-Package,3,,120 60 ZR 17 55W TL,160 60 ZR 17 69W TL,Wディスク,ディスク,04330_1.jpg
HONDA,399cc,2020,2BL-NC42,CB400 SUPER BOLD’OR,NC42E,NC42 - 1900001 〜,,,4,"2,080",745,"1,160",205,ハイパーVTEC Revo　PGM-FI　ABS　■STD・E-Package,3,,120 60 ZR 17 55W TL,160 60 ZR 17 69W TL,Wディスク,ディスク,04330_1.jpg
HONDA,399cc,2021,2BL-NC42,CB400 SUPER BOLD’OR,NC42E,NC42 - 1900001 〜,,,4,"2,080",745,"1,160",205,ハイパーVTEC Revo　PGM-FI　ABS　■STD・E-Package,3,,120 60 ZR 17 55W TL,160 60 ZR 17 69W TL,Wディスク,ディスク,04330_1.jpg
HONDA,399cc,2022,2BL-NC42,CB400 SUPER BOLD’OR,NC42E,NC42 - 1900001 〜,,,4,"2,080",745,"1,160",205,ハイパーVTEC Revo　PGM-FI　ABS　■STD・E-Package,3,,120 60 ZR 17 55W TL,160 60 ZR 17 69W TL,Wディスク,ディスク,04330_1.jpg
HONDA,399cc,1992,NC31,CB400 SUPER FOUR,NC23E,NC31 - 1000001 〜 1034643,,,4,"2,085",735,"1,080",192,■STD,2.7,,110 70 - 17 54H TL,140 70 - 17 66H TL,Wディスク,ディスク,01098_1.jpg
HONDA,399cc,1993,NC31,CB400 SUPER FOUR,NC23E,NC31 - 1000001 〜 1034643,,,4,"2,085",735,"1,080",192,■STD,2.7,,110 70 - 17 54H TL,140 70 - 17 66H TL,Wディスク,ディスク,01098_1.jpg
HONDA,399cc,1994,NC31,CB400 SUPER FOUR,NC23E,NC31 - 1200001 〜 1401880,,,4,"2,085",735,"1,080",193,■STD,2.7,,110 70 - 17 54H TL,140 70 - 17 66H TL,Wディスク,ディスク,00661_1.jpg
HONDA,399cc,1995,NC31,CB400 SUPER FOUR,NC23E,NC31 - 1200001 〜 1401880,,,4,"2,085",735,"1,080",193,■STD,2.7,,110 70 - 17 54H TL,140 70 - 17 66H TL,Wディスク,ディスク,00661_1.jpg
HONDA,399cc,1996,NC31,CB400 SUPER FOUR,NC23E,NC31 - 1200001 〜 1401880,,,4,"2,085",735,"1,080",193,■STD,2.7,,110 70 - 17 54H TL,140 70 - 17 66H TL,Wディスク,ディスク,00661_1.jpg
HONDA,399cc,1995,NC31,CB400 SUPER FOUR,NC23E,NC31 - 1350001 〜 1354811,,,4,"2,080",720,"1,125",195,バージョンR　■STD,2.7,,110 70 - 17 54H TL,140 70 - 17 66H TL,Wディスク,ディスク,00257_1.jpg
HONDA,399cc,1996,NC31,CB400 SUPER FOUR,NC23E,NC31 - 1350001 〜 1354811,,,4,"2,080",720,"1,125",195,バージョンR　■STD,2.7,,110 70 - 17 54H TL,140 70 - 17 66H TL,Wディスク,ディスク,00257_1.jpg
HONDA,399cc,1997,NC31,CB400 SUPER FOUR,NC23E,NC31 - 1350001 〜 1354811,,,4,"2,080",720,"1,125",195,バージョンR　■STD,2.7,,110 70 - 17 54H TL,140 70 - 17 66H TL,Wディスク,ディスク,00257_1.jpg
HONDA,399cc,1996,NC31,CB400 SUPER FOUR,NC23E,NC31 - 1450001 〜 1456784,,,4,"2,080",720,"1,080",194,バージョンS　■STD・限定車,2.7,,110 70 - 17 54H TL,140 70 - 17 66H TL,Wディスク,ディスク,00258_1.jpg
HONDA,399cc,1997,NC31,CB400 SUPER FOUR,NC23E,NC31 - 1500001 〜,,,4,"2,085",740,"1,080",194,■STD,2.7,,110 70 - 17 54H TL,140 70 - 17 66H TL,Wディスク,ディスク,00259_1.jpg
HONDA,399cc,1998,NC31,CB400 SUPER FOUR,NC23E,NC31 - 1500001 〜,,,4,"2,085",740,"1,080",194,■STD,2.7,,110 70 - 17 54H TL,140 70 - 17 66H TL,Wディスク,ディスク,00259_1.jpg
HONDA,399cc,1997,NC31,CB400 SUPER FOUR,NC23E,NC31 - 1501170 〜,,,4,"2,080",720,"1,080",194,バージョンS　■STD・Limited Edition・50th Anniversary Special,2.7,,110 70 - 17 54H TL,140 70 - 17 66H TL,Wディスク,ディスク,00817_1.jpg
HONDA,399cc,1998,NC31,CB400 SUPER FOUR,NC23E,NC31 - 1501170 〜,,,4,"2,080",720,"1,080",194,バージョンS　■STD・Limited Edition・50th Anniversary Special,2.7,,110 70 - 17 54H TL,140 70 - 17 66H TL,Wディスク,ディスク,00817_1.jpg
HONDA,399cc,1999,BC-NC39,CB400 SUPER FOUR,NC23E,NC39 - 1000001 〜 1029999,,,4,"2,050",725,"1,070",188,ハイパーVTEC SPEC1　■STD,3,,120 60 ZR 17 55W TL,160 60 ZR 17 69W TL,Wディスク,ディスク,00159_1.jpg
HONDA,399cc,2000,BC-NC39,CB400 SUPER FOUR,NC23E,NC39 - 1000001 〜 1029999,,,4,"2,050",725,"1,070",188,ハイパーVTEC SPEC1　■STD,3,,120 60 ZR 17 55W TL,160 60 ZR 17 69W TL,Wディスク,ディスク,00159_1.jpg
HONDA,399cc,2001,BC-NC39,CB400 SUPER FOUR,NC23E,NC39 - 1000001 〜 1029999,,,4,"2,050",725,"1,070",188,ハイパーVTEC SPEC1　■STD,3,,120 60 ZR 17 55W TL,160 60 ZR 17 69W TL,Wディスク,ディスク,00159_1.jpg
HONDA,399cc,2002,BC-NC39,CB400 SUPER FOUR,NC23E,NC39 - 1030001 〜 1049999,,,4,"2,050",725,"1,070",189,ハイパーVTEC SPEC2　■STD,3,,120 60 ZR 17 55W TL,160 60 ZR 17 69W TL,Wディスク,ディスク,00875_1.jpg
HONDA,399cc,2003,BC-NC39,CB400 SUPER FOUR,NC23E,NC39 - 1030001 〜 1049999,,,4,"2,050",725,"1,070",189,ハイパーVTEC SPEC2　■STD,3,,120 60 ZR 17 55W TL,160 60 ZR 17 69W TL,Wディスク,ディスク,00875_1.jpg
HONDA,399cc,2004,BC-NC39,CB400 SUPER FOUR,NC23E,NC39 - 1050001 〜 1099999,,,4,"2,040",725,"1,070",190,ハイパーVTEC SPEC3　■STD,3,,120 60 ZR 17 55W TL,160 60 ZR 17 69W TL,Wディスク,ディスク,00876_1.jpg
HONDA,399cc,2005,BC-NC39,CB400 SUPER FOUR,NC23E,NC39 - 1100001 〜 1399999,,,4,"2,050",720,"1,085",195,ハイパーVTEC SPEC3　■STD,3,,120 60 ZR 17 55W TL,160 60 ZR 17 69W TL,Wディスク,ディスク,02101_1.jpg
HONDA,399cc,2006,BC-NC39,CB400 SUPER FOUR,NC23E,NC39 - 1100001 〜 1399999,,,4,"2,050",720,"1,085",195,ハイパーVTEC SPEC3　■STD,3,,120 60 ZR 17 55W TL,160 60 ZR 17 69W TL,Wディスク,ディスク,02101_1.jpg
HONDA,399cc,2007,BC-NC39,CB400 SUPER FOUR,NC23E,NC39 - 1100001 〜 1399999,,,4,"2,050",720,"1,085",195,ハイパーVTEC SPEC3　■STD,3,,120 60 ZR 17 55W TL,160 60 ZR 17 69W TL,Wディスク,ディスク,02101_1.jpg
HONDA,399cc,2008,EBL-NC42,CB400 SUPER FOUR,NC42E,NC42 - 1000001 〜 1599999,,,4,"2,040",725,"1,070",194,ハイパーVTEC Revo　PGM-FI　■STD・Special Edition・STD ABS,3,,120 60 ZR 17 55W TL,160 60 ZR 17 69W TL,Wディスク,ディスク,02549_1.jpg
HONDA,399cc,2009,EBL-NC42,CB400 SUPER FOUR,NC42E,NC42 - 1000001 〜 1599999,,,4,"2,040",725,"1,070",194,ハイパーVTEC Revo　PGM-FI　■STD・Special Edition・STD ABS,3,,120 60 ZR 17 55W TL,160 60 ZR 17 69W TL,Wディスク,ディスク,02549_1.jpg
HONDA,399cc,2010,EBL-NC42,CB400 SUPER FOUR,NC42E,NC42 - 1000001 〜 1599999,,,4,"2,040",725,"1,070",194,ハイパーVTEC Revo　PGM-FI　■STD・Special Edition・STD ABS,3,,120 60 ZR 17 55W TL,160 60 ZR 17 69W TL,Wディスク,ディスク,02549_1.jpg
HONDA,399cc,2011,EBL-NC42,CB400 SUPER FOUR,NC42E,NC42 - 1000001 〜 1599999,,,4,"2,040",725,"1,070",194,ハイパーVTEC Revo　PGM-FI　■STD・Special Edition・STD ABS,3,,120 60 ZR 17 55W TL,160 60 ZR 17 69W TL,Wディスク,ディスク,02549_1.jpg
HONDA,399cc,2012,EBL-NC42,CB400 SUPER FOUR,NC42E,NC42 - 1000001 〜 1599999,,,4,"2,040",725,"1,070",194,ハイパーVTEC Revo　PGM-FI　■STD・Special Edition・STD ABS,3,,120 60 ZR 17 55W TL,160 60 ZR 17 69W TL,Wディスク,ディスク,02549_1.jpg
HONDA,399cc,2013,EBL-NC42,CB400 SUPER FOUR,NC42E,NC42 - 1000001 〜 1599999,,,4,"2,040",725,"1,070",194,ハイパーVTEC Revo　PGM-FI　■STD・Special Edition・STD ABS,3,,120 60 ZR 17 55W TL,160 60 ZR 17 69W TL,Wディスク,ディスク,02549_1.jpg
HONDA,399cc,2014,EBL-NC42,CB400 SUPER FOUR,NC42E,NC42 - 1600001 〜 1899999,,,4,"2,080",725,"1,080",200,ハイパーVTEC Revo　PGM-FI　■STD・STD ABS・Secial Edition ABS・E-Package ABS,3,,120 60 ZR 17 55W TL,160 60 ZR 17 69W TL,Wディスク,ディスク,03670_1.jpg
HONDA,399cc,2015,EBL-NC42,CB400 SUPER FOUR,NC42E,NC42 - 1600001 〜 1899999,,,4,"2,080",725,"1,080",200,ハイパーVTEC Revo　PGM-FI　■STD・STD ABS・Secial Edition ABS・E-Package ABS,3,,120 60 ZR 17 55W TL,160 60 ZR 17 69W TL,Wディスク,ディスク,03670_1.jpg
HONDA,399cc,2016,EBL-NC42,CB400 SUPER FOUR,NC42E,NC42 - 1600001 〜 1899999,,,4,"2,080",725,"1,080",200,ハイパーVTEC Revo　PGM-FI　■STD・STD ABS・Secial Edition ABS・E-Package ABS,3,,120 60 ZR 17 55W TL,160 60 ZR 17 69W TL,Wディスク,ディスク,03670_1.jpg
HONDA,399cc,2017,EBL-NC42,CB400 SUPER FOUR,NC42E,NC42 - 1600001 〜 1899999,,,4,"2,080",725,"1,080",200,ハイパーVTEC Revo　PGM-FI　■STD・STD ABS・Secial Edition ABS・E-Package ABS,3,,120 60 ZR 17 55W TL,160 60 ZR 17 69W TL,Wディスク,ディスク,03670_1.jpg
HONDA,399cc,2018,2BL-NC42,CB400 SUPER FOUR,NC42E,NC42 - 1900001 〜,,,4,"2,080",745,"1,080",199,ハイパーVTEC Revo　PGM-FI　■STD・STD ABS,3,,120 60 ZR 17 55W TL,160 60 ZR 17 69W TL,Wディスク,ディスク,04331_1.jpg
HONDA,399cc,2019,2BL-NC42,CB400 SUPER FOUR,NC42E,NC42 - 1900001 〜,,,4,"2,080",745,"1,080",199,ハイパーVTEC Revo　PGM-FI　■STD・STD ABS,3,,120 60 ZR 17 55W TL,160 60 ZR 17 69W TL,Wディスク,ディスク,04331_1.jpg
HONDA,399cc,2020,2BL-NC42,CB400 SUPER FOUR,NC42E,NC42 - 1900001 〜,,,4,"2,080",745,"1,080",199,ハイパーVTEC Revo　PGM-FI　■STD・STD ABS,3,,120 60 ZR 17 55W TL,160 60 ZR 17 69W TL,Wディスク,ディスク,04331_1.jpg
HONDA,399cc,2021,2BL-NC42,CB400 SUPER FOUR,NC42E,NC42 - 1900001 〜,,,4,"2,080",745,"1,080",199,ハイパーVTEC Revo　PGM-FI　■STD・STD ABS,3,,120 60 ZR 17 55W TL,160 60 ZR 17 69W TL,Wディスク,ディスク,04331_1.jpg
HONDA,399cc,2022,2BL-NC42,CB400 SUPER FOUR,NC42E,NC42 - 1900001 〜,,,4,"2,080",745,"1,080",199,ハイパーVTEC Revo　PGM-FI　■STD・STD ABS,3,,120 60 ZR 17 55W TL,160 60 ZR 17 69W TL,Wディスク,ディスク,04331_1.jpg
HONDA,1082cc,2021,8BL-SC83,レブル1100,SC83E,SC83 - 1000001 〜,,DCT,4,"2,240",830,"1,115",233,■STD・DCT,( )内はDCT付きの場合,,130 70 B 18 63H TL,180 65 B 16 81H TL,シングルディスク,ディスク,04612_1.jpg
HONDA,1082cc,2022,8BL-SC83,レブル1100,SC83E,SC83 - 1000001 〜,,DCT,4,"2,240",830,"1,115",233,■STD・DCT,( )内はDCT付きの場合,,130 70 B 18 63H TL,180 65 B 16 81H TL,シングルディスク,ディスク,04612_1.jpg
HONDA,1082cc,2023,8BL-SC83,レブル1100,SC83E,SC83 - 1000001 〜,,DCT,4,"2,240",830,"1,115",233,■STD・DCT,( )内はDCT付きの場合,,130 70 B 18 63H TL,180 65 B 16 81H TL,シングルディスク,ディスク,04612_1.jpg
HONDA,1082cc,2024,8BL-SC83,レブル1100,SC83E,SC83 - 1000001 〜,,DCT,4,"2,240",830,"1,115",233,■STD・DCT,( )内はDCT付きの場合,,130 70 B 18 63H TL,180 65 B 16 81H TL,シングルディスク,ディスク,04612_1.jpg
HONDA,1082cc,2025,8BL-SC87,レブル1100,SC87E,SC87 - 1000001 〜,,DCT,4,"2,240",830,"1,125",226,■STD・DCT・S Edition DCT,( )内はDCT付きの場合,,130 70 B 18 63H TL,180 65 B 16 81H TL,シングルディスク,ディスク,05271_1.jpg
HONDA,1082cc,2023,8BL-SC83,レブル1100T,SC83E,SC83 - 1100001 〜,,DCT,4,"2,240",830,"1,115",233,■STD・DCT,( )内はDCT付きの場合,,130 70 B 18 63H TL,180 65 B 16 81H TL,シングルディスク,ディスク,05054_1.jpg
HONDA,1082cc,2024,8BL-SC83,レブル1100T,SC83E,SC83 - 1100001 〜,,DCT,4,"2,240",830,"1,115",233,■STD・DCT,( )内はDCT付きの場合,,130 70 B 18 63H TL,180 65 B 16 81H TL,シングルディスク,ディスク,05054_1.jpg
HONDA,1082cc,2025,8BL-SC87,レブル1100T,SC87E,SC87 -,,DCT,4,"2,240",850,"1,180",240,■STD・DCT,( )内はDCT付きの場合,,130 70 B 18 63H TL,180 65 B 16 81H TL,シングルディスク,ディスク,05272_1.jpg
